article_id,include,exclusion_reason,event_date,event_time_if_known,location_raw,town,district,governorate,deaths_reported,injuries_reported,attack_type,target_description,preliminary_or_final,location_ambiguous,casualty_count_ambiguous,notes
416523,0,"General/cumulative daily toll (Dahiye+South combined), not a single-incident report",,,,,,,,,,,,,,
416778,0,Faction (Islamic Jihad) statement identifying a person killed in an already-reported dawn strike on Beirut southern suburb; no new incident location/toll,,,,,,,,,,,,,,
416867,0,"Describes a Hezbollah/Islamic Resistance attack on Israel (Ramat David airbase), not an Israeli attack on Lebanon",,,,,,,,,,,,,,
416998,1,,2026-03-03,,صديقين,صديقين (Saddiqine/Siddiqine),,South Lebanon,2,0,airstrike,second strike on the town (double-strike pattern); 2 dead were Islamic Health Authority personnel,preliminary,0,0,district uncertain - verify Siddiqine's caza
417044,1,,2026-03-03,,قبريحا - مرجعيون,قبريحا (Qabrikha),Marjayoun,Nabatieh,2,2,strike on vehicle,motorcycle,preliminary,0,0,
417088,0,"General cumulative daily toll (Disaster Management Unit), not a single-incident report",,,,,,,,,,,,,,
417146,0,"General cumulative toll bulletin (MoPH), Mon dawn-Tue evening",,,,,,,,,,,,,,
417153,1,,2026-03-04,dawn,بعلبك - حي المتربة,بعلبك (Baalbek city),Baalbek,Baalbek-Hermel,4,6,airstrike,"residential building (4-story, in a residential complex)",preliminary,0,0,first report in chain w/ 417170 417196 - toll rises to 5 then 6
417154,1,,2026-03-04,past midnight,عرمون والسعديات,عرمون / السعديات,Aley,Mount Lebanon,,,strikes on apartment/residential complex,apartment (Aramoun) and residential complex (Saadiyat),preliminary,1,1,combined toll for two towns confirmed later in 417202; district/governorate uncertain - verify
417170,1,,2026-03-04,,بعلبك - حي المتربة,بعلبك (Baalbek city),Baalbek,Baalbek-Hermel,5,15,airstrike,residential building,preliminary,0,0,update to 417153 chain; 3 missing
417196,1,,2026-03-04,,بعلبك - حي المتربة,بعلبك (Baalbek city),Baalbek,Baalbek-Hermel,6,15,airstrike,residential building,preliminary,0,0,update to 417153/417170 chain; missing count now unspecified
417202,1,,2026-03-04,,عرمون والسعديات,عرمون / السعديات,Aley,Mount Lebanon,6,8,strikes on apartment/residential complex,apartment and residential complex,preliminary,1,0,MoPH combined toll confirming 417154 chain
417435,0,"General cumulative toll bulletin (MoPH), Mon dawn-Wed evening",,,,,,,,,,,,,,
417491,1,,2026-03-04,,طريق المطار,طريق المطار (Airport Road),Baabda,Mount Lebanon,3,6,airstrike,two raids on Airport Road area (target unspecified),preliminary,1,0,combined toll for 'two raids'; district/governorate uncertain - verify (Beirut southern suburbs area)
417496,1,,2026-03-05,dawn,طريق صور-الناقورة قرب القليلة,القليلة (Qlaile),Tyre,South Lebanon,3,0,drone strike,car/vehicle,preliminary,0,0,
417497,1,,2026-03-05,,مخيم البداوي - طرابلس,مخيم البداوي (Beddawi camp),Tripoli,North Lebanon,2,1,airstrike,residential apartment,preliminary,0,0,chain continues in 417511/417514
417511,1,,2026-03-05,,مخيم البداوي,مخيم البداوي (Beddawi camp),Tripoli,North Lebanon,2,1,drone strike,home of named Hamas military commander (per source attribution),preliminary,0,0,update/detail to 417497 chain
417514,1,,2026-03-05,,مخيم البداوي - طرابلس,مخيم البداوي (Beddawi camp),Tripoli,North Lebanon,2,1,airstrike,residential apartment,preliminary,0,0,duplicate MoPH confirmation of 417497 chain
417516,1,,2026-03-05,dawn,بين بلدتي زوطر وكفرتبنيت (ضمن حملة غارات واسعة في قضاء النبطية),زوطر / كفرتبنيت,Nabatieh,Nabatieh,3,0,airstrike,"area between the two towns; other strikes in same sweep (Aaba, Kfarremen, Kfour, Toul) reported without deaths in this article",preliminary,1,0,possible overlap with 417534's Zawtar al-Sharqiya family (4 dead) - flag for merge review
417531,1,,2026-03-05,dawn,الكفور,الكفور (Kfour),Nabatieh,Nabatieh,2,0,airstrike,residence (mukhtar's home),preliminary,0,0,named: mukhtar Tawfiq Safa + wife
417534,1,,2026-03-05,dawn,زوطر الشرقية - مدخل شمالي قرب كفرتبنيت,زوطر الشرقية (Zawtar al-Sharqiya),Nabatieh,Nabatieh,4,0,airstrike,residence,preliminary,0,0,family of 4 named; flag for merge review vs 417516's ambiguous 3-dead figure for same general area
417566,1,,2026-03-05,,أوتوستراد زحلة الكرك,أوتوستراد زحلة الكرك (Zahle-Kark highway),Zahle,Bekaa,2,2,strike on vehicle,car on highway,preliminary,0,0,possible overlap with 417813 (ISF officer killed same area/date) - flag for merge review
417612,0,"General cumulative toll bulletin (MoPH), Mon dawn-Wed midnight",,,,,,,,,,,,,,
417623,1,,2026-03-05,,معركة,معركة (Maaraka),Tyre,South Lebanon,3,0,airstrike,unspecified (displaced family present),preliminary,0,0,
417682,0,"General cumulative toll bulletin (MoPH), Mon dawn-Thu afternoon",,,,,,,,,,,,,,
417686,1,,2026-03-05,,كفررمان,كفررمان (Kfarremen),Nabatieh,Nabatieh,2,0,airstrike,unspecified (named victims: studio photographer + brother),preliminary,0,0,roundup article; ONLY source for Kfarremen 2-dead fact; article also re-mentions Zawtar-family and Kfour-mukhtar deaths already captured in 417531/417534 - do not double count those
417702,1,,2026-03-05,,لبايا وطرفها الشمالي,لبايا (Libaya),West Bekaa,Bekaa,3,4,airstrike,two homes; also motorcycle chased/struck at N edge,preliminary,0,1,"chain continues in 417743 which gives a lower MoPH count (2 dead/3 inj) - flag for merge review, later report may supersede"
417734,1,,2026-03-05,,مشغرة,مشغرة (Mashghara),West Bekaa,Bekaa,4,0,airstrike,residence,preliminary,0,0,2 of 4 dead are children; chain continues in 417747
417743,1,,2026-03-05,,لبايا,لبايا (Libaya),West Bekaa,Bekaa,2,3,airstrike,residence,preliminary,0,0,"MoPH update to 417702 chain - lower count than field report, flag for merge review"
417747,1,,2026-03-05,,مشغرة,مشغرة (Mashghara),West Bekaa,Bekaa,4,1,airstrike,residence,preliminary,0,0,"MoPH confirmation of 417734 chain; ages given (5yo girl, 7yo boy)"
417754,0,"General cumulative toll bulletin (MoPH), Mon dawn-Thu evening",,,,,,,,,,,,,,
417806,1,,2026-03-06,,مسجد الامام المهدي - طريق ثانوية بلال فحص - تول,تول (Toul),Nabatieh,Nabatieh,1,0,airstrike,mosque,preliminary,0,0,"roundup article; named victim: mosque muezzin Mahdi Fahs. Also mentions Jbeshit building strike ~2 dead (unconfirmed/hedged wording) - see separate row logic; other strikes (Meifadoun, Nabatieh Bayyad, Kfartebnit homes, Kawthariyet al-Rez, Qaaqaait al-Jisr, Ainata) reported without confirmed deaths"
417806b,1,,2026-03-06,,جبشيت,جبشيت (Jbeshit),Nabatieh,Nabatieh,2,0,airstrike,building,preliminary,0,1,"same source article as 417806 (Toul mosque); casualty figure hedged ('وافيد عن' = it was reported, unconfirmed) - separate incident/location from Toul mosque so split into own row"
417808,1,,2026-03-06,,صريفا,صريفا (Srifa),Tyre,South Lebanon,1,0,airstrike,unspecified,preliminary,0,0,
417813,0,"Institutional (ISF) eulogy/obituary identifying a member killed by an already-reported strike; biographical/commemorative in nature, not a new incident report",,,,,,,,,,,,,,"corroborates 417566 Zahle highway strike - possible ID of one victim, flag for merge review"
417856,1,,2026-03-06,,مبنى المقاصد - صيدا,صيدا (Sidon),Sidon,South Lebanon,2,0,airstrike,building (Al-Maqassed Islamic charity building - offices/clinics),preliminary,0,0,chain continues in 417863
417860,1,,2026-03-06,,اطراف المروانية - الزهراني,المروانية (Marwaniyeh),Zahrani,South Lebanon,1,0,airstrike,unspecified,preliminary,0,0,"district uncertain - Zahrani sometimes grouped under Sidon caza, verify"
417863,1,,2026-03-06,,صيدا,صيدا (Sidon),Sidon,South Lebanon,5,7,airstrike,Al-Maqassed building,preliminary,0,0,MoPH update to 417856 chain
417913,1,,2026-03-06,,السعيدة - غرب بعلبك,السعيدة (Saaideh),Baalbek,Baalbek-Hermel,3,0,airstrike,residence,preliminary,0,0,
417915,1,,2026-03-06,,الدوير,الدوير (Al-Dawir),Nabatieh,Nabatieh,2,0,airstrike,two homes destroyed,preliminary,0,0,"chain continues in 417945, toll rises to 5"
417945,1,,2026-03-06,,الدوير,الدوير (Al-Dawir),Nabatieh,Nabatieh,5,9,airstrike,home (3-story),preliminary,0,0,"update to 417915 chain; also mentions Haroof, Toul (near school), Kawthariyet al-Rez strikes w/ no confirmed deaths"
417959,0,No new confirmed death count in this article; narrative update on ongoing rescue ops from earlier strikes in same town (Nabi Chit),,,,,,,,,,,,,,
417963,1,,2026-03-06,dawn,كفررمان,كفررمان (Kfarremen),Nabatieh,Nabatieh,2,0,airstrike,unspecified (named brothers Hassan and Ali Kamal Abu Zeid),preliminary,0,0,article also covers Bint Jbeil/Haniyeh/Aita al-Shaab/Ramyeh strikes and a motorcycle drone strike w/ only 1 injury (no death) - not incident-worthy on their own
417965,0,"General cumulative toll bulletin (MoPH), Mon dawn-Fri evening",,,,,,,,,,,,,,
417983,1,,2026-03-06,,النبي شيت,النبي شيت (Nabi Chit/Nabi Sheet),Baalbek,Baalbek-Hermel,3,17,airstrike,residential areas of the town,preliminary,0,0,first report in the large Nabi Chit chain; see notes on 418161/418101 for reconciliation complexity
417987,1,,2026-03-06,,مار مخايل - الشياح,الشياح (Chiyah)/مار مخايل,Baabda,Mount Lebanon,1,3,airstrike,unspecified,preliminary,0,0,1 dead is a Syrian national (per source) - not labeled civilian/combatant
417988,1,,2026-03-06,,بئر حسن,بئر حسن (Bir Hassan),Baabda,Mount Lebanon,1,0,airstrike,unspecified,preliminary,0,0,"district/governorate uncertain - Bir Hassan admin boundary fuzzy, verify"
417990,1,,2026-03-06,,مجدل سلم,مجدل سلم (Majdal Selem),Tyre,South Lebanon,9,0,airstrike,residence,preliminary,0,0,"named: Saleh family, mostly women/children; article also mentions a strike on Haniyeh w/ no toll here - see 418000"
417998,1,,2026-03-06,,النبي شيت,النبي شيت (Nabi Chit/Nabi Sheet),Baalbek,Baalbek-Hermel,4,13,airstrike,residential neighborhoods,preliminary,0,0,update in Nabi Chit chain (follows 417983)
418000,1,,2026-03-06,,الحنية,الحنية (Al-Haniyeh),Tyre,South Lebanon,,,airstrike,unspecified,preliminary,0,1,"death count vague ('a number of martyrs'), no figure given - linked to 417990's mention of a Haniyeh strike"
418034,1,,2026-03-06,,النبي شيت,النبي شيت (Nabi Chit/Nabi Sheet),Baalbek,Baalbek-Hermel,9,17,airstrike,residential neighborhoods,preliminary,0,0,update in Nabi Chit chain (follows 417998)
418036,1,,2026-03-06,evening,قلويه,قلويه (Qalawiyeh),Bint Jbeil,Nabatieh,2,0,airstrike,unspecified,preliminary,0,0,likely same event as 418038's Qalawiyeh mention (spelling variant قلاويه) - flag for merge review; district corrected to Bint Jbeil per 419080 (batch 3)
418038,1,,2026-03-06,evening,قلاويه,قلاويه (Qalawiyeh),Bint Jbeil,Nabatieh,2,0,airstrike,unspecified,preliminary,0,0,"likely duplicate of 418036 (same village, same evening); article also covers Yatar and Shaqra strikes w/ no deaths reported; district corrected to Bint Jbeil per 419080 (batch 3)"
418039,1,,2026-03-06,by 21:30,النبي شيت,النبي شيت (Nabi Chit/Nabi Sheet),Baalbek,Baalbek-Hermel,10,0,airstrike,residential neighborhoods,preliminary,0,0,update in Nabi Chit chain (follows 418034); 10 named victims listed individually
418052,0,No new confirmed death count; narrative/atmosphere update on ongoing recovery (13th strike reported but no new toll given),,,,,,,,,,,,,,
418071,1,,2026-03-07,dawn,النبي شيت,النبي شيت (Nabi Chit/Nabi Sheet),Baalbek,Baalbek-Hermel,3,16,airstrike,residential areas ('renewed' strikes),preliminary,0,1,labeled 'renewed' (متجددة) strikes - possibly a distinct new wave rather than simple continuation; reconciliation with 418094/418161 totals is unclear - flag heavily for merge review
418090,1,,2026-03-07,dawn,شمسطار - ضهر الصوان,شمسطار (Shamsatar),Baalbek,Baalbek-Hermel,6,0,airstrike,residence sheltering a displaced family,preliminary,0,0,entire family of 6 (2 parents+4 children) killed; update/confirmation in 418157
418093,1,,2026-03-07,dawn,جبشيت,جبشيت (Jbeshit),Nabatieh,Nabatieh,6,0,airstrike,residence,preliminary,0,0,"4 of 6 from one family; article also reports later-morning strike destroying town square (no add'l deaths given here), plus Kawthariyet al-Rez/Ansar/Zawtar al-Sharqiya strikes w/ no deaths, and a vague/unconfirmed Kfartebnit death report - see separate row for that"
418093b,1,,2026-03-07,,كفرتبنيت,كفرتبنيت (Kfartebnit),Nabatieh,Nabatieh,,,airstrike,unspecified,preliminary,0,1,"same source article as 418093 (Jbeshit massacre); casualty figure hedged ('وافيد عن ارتقاء شهداء' = reported, unconfirmed, no number) - separate location so split into own row"
418094,1,,2026-03-07,,النبي شيت,النبي شيت (Nabi Chit/Nabi Sheet),Baalbek,Baalbek-Hermel,16,35,airstrike,"residential neighborhoods (running total, pre-commando-raid)",preliminary,0,0,"aggregate update in Nabi Chit chain, published just before the commando-raid report (418101) - likely does not yet include those 26"
418101,1,,2026-03-07,until ~03:00,النبي شيت,النبي شيت (Nabi Chit - raid also affected Khirbeh/Sarain/Ali al-Nahri),Baalbek,Baalbek-Hermel,26,,ground commando raid + supporting airstrikes,"Israeli special-forces unit landed by helicopter near a village cemetery, engaged in firefight after being spotted; ~40 supporting airstrikes on access roads to cover extraction",preliminary,1,0,"MAJOR distinct incident, NOT a simple airstrike - flag attack_type separately in stats. Of the 26 dead: 3 explicitly identified as Lebanese Army soldiers + 1 General Security (per source); breakdown by locality: 15 Nabi Chit, 9 Khirbeh, 1 Sarain, 1 Ali al-Nahri. Corroborated by Army statement 418148. Reconciliation with 418161's 41-total figure unclear - flag heavily for user review"
418139,1,,2026-03-07,,كوثرية الرز,كوثرية الرز (Kawthariyet al-Rez),Sidon,South Lebanon,2,0,airstrike,residence (sheikh's home),preliminary,0,0,"named: sheikh Adel al-Turki's two sons; sheikh himself badly wounded; district uncertain (may be Zahrani caza), verify"
418148,1,,2026-03-07,22:50 (6-7/3) to ~03:00,النبي شيت - الخريبة,النبي شيت / الخريبة,Baalbek,Baalbek-Hermel,,,ground commando raid + supporting airstrikes,Lebanese Army statement confirming the same helicopter-landed force/firefight as 418101; gives partial figure only ('3 soldiers and a number of citizens'),preliminary,1,1,"official Army corroboration of 418101 - same incident, do not double count; casualty figure here is partial/vague, defer to 418101's fuller breakdown"
418157,1,,2026-03-07,dawn,شمسطار,شمسطار (Shamsatar),Baalbek,Baalbek-Hermel,6,0,airstrike,residence,preliminary,0,0,MoPH update/confirmation of 418090 chain (4 children + 1 woman + implied father)
418161,1,,2026-03-07,,النبي شيت والبلدات المحيطة,النبي شيت (+ surrounding towns),Baalbek,Baalbek-Hermel,41,40,airstrike,combined total across Nabi Chit and surrounding towns,likely-final-for-day,1,1,"cross-cutting SUMMARY figure for the whole Nabi Chit cluster of events that day - does NOT cleanly equal the sum of the individually tracked sub-incidents (residential chain topped out at 16, +commando raid 26, +Shamsatar 6 = 48, not 41). Flag prominently for user reconciliation at merge stage; do not naively add this to the sub-incident totals"
418186,0,"General cumulative toll bulletin (MoPH), Mon dawn-Sat afternoon",,,,,,,,,,,,,,
418222,1,,2026-03-07,afternoon,ميفدون,ميفدون (Meifadoun),Nabatieh,Nabatieh,5,0,airstrike,residential neighborhood (destroyed),preliminary,0,0,"article is an area-wide roundup; also reports a SEPARATE afternoon Jbeshit strike (3 dead, see next row) and several strikes w/ no reported deaths (Arnoun ambulance-injuries only, Zebdine, Ansar, Breiqaa, Bint Jbeil villages)"
418222b,1,,2026-03-07,afternoon,جبشيت,جبشيت (Jbeshit),Nabatieh,Nabatieh,3,0,airstrike,unspecified,preliminary,0,0,"same source article as 418222; distinct afternoon strike, separate from the morning's 6-dead Jbeshit massacre (418093) - flag for merge review whether additive or overlapping"
418230,1,,2026-03-07,,صريفا,صريفا (Srifa),Tyre,South Lebanon,2,0,airstrike,unspecified,preliminary,0,0,"different date from the earlier 1-dead Srifa strike (417808, March 5) - separate incident"
418252,1,,2026-03-07,,كوثرية الرز,كوثرية الرز (Kawthariyet al-Rez),Sidon,South Lebanon,3,0,strike on rescue/civil-defense team,Civil Defense - Islamic Health Authority rescue team (explicitly identified by source),preliminary,0,0,"distinct incident from 418139 (different target - rescue team, not the sheikh's home); article also covers Jbeshit/Arnoun responder strikes w/ injuries only, no deaths"
418268,1,,2026-03-07,evening,زبدين - محطة القبيسي,زبدين (Zebdine),Nabatieh,Nabatieh,,,airstrike,unspecified,preliminary,0,1,"death count vague ('a number of martyrs'), no figure given"
418268b,1,,2026-03-07,evening,طريق الشرقية - كوثرية السياد,Sharqiya/Kawthariyet al-Sayad road,Nabatieh,Nabatieh,1,0,airstrike,vehicle presumed (road strike),preliminary,1,0,"same source article as 418268; strike on road between two towns, not a single town - split into own row"
418275,1,,2026-03-07,night,كفررمان,كفررمان (Kfarremen),Nabatieh,Nabatieh,2,0,drone strike,motorcycle,preliminary,0,1,"death count hedged ('وافيد عن')- likely same event as 418281's MoPH confirmation, flag for merge review; article also covers Nabatieh al-Fawqa, Jabal al-Ahmar/Jbeshit, and Aitaroun strikes w/ no deaths reported"
418281,1,,2026-03-07,night,كفررمان,كفررمان (Kfarremen),Nabatieh,Nabatieh,2,0,drone strike,unspecified,preliminary,0,0,"MoPH confirmation, likely same incident as 418275 - do not double count"
418284,1,,2026-03-07,night,جبال البطم,جبال البطم (Jabal al-Botm),Tyre,South Lebanon,3,0,drone strike,café,preliminary,0,0,chain continues/confirmed in 418298
418287,1,,2026-03-07,,خربة سلم,خربة سلم (Khirbet Selm),Bint Jbeil,Nabatieh,6,5,airstrike,unspecified,preliminary,0,0,toll for the Khirbet Selm strike mentioned in passing in 418222's roundup
418290,1,,2026-03-08,dawn,قانا,قانا (Qana),Tyre,South Lebanon,4,,airstrike,residence,preliminary,0,0,
418291,1,,2026-03-08,dawn,الروشة - بيروت,الروشة (Raouche),Beirut,Beirut,4,10,airstrike,hotel room,preliminary,0,0,"toll updated within the same article (3->4 dead, 9->10 injured, one injured person died)"
418293,1,,2026-03-08,night,تفاحتا,تفاحتا (Tfahta),Sidon,South Lebanon,8,0,airstrike,residence,preliminary,0,0,"initial/unconfirmed estimate of whole family (8); revised down in 418296 to 5 - flag discrepancy for merge review, use latest (5) per methodology but preserve 8 in updates table"
418296,1,,2026-03-08,,تفاحتا,تفاحتا (Tfahta),Sidon,South Lebanon,5,0,airstrike,residence,preliminary,0,0,"MoPH revision of 418293 chain (8->5), still described as preliminary/not final, search for missing continuing"
418298,1,,2026-03-08,dawn,جبال البطم,جبال البطم (Jabal al-Botm),Tyre,South Lebanon,3,4,drone strike,café,preliminary,0,0,confirms/duplicates 418284 - do not double count
418315,1,,2026-03-08,,الشعيتية,الشعيتية (Al-Shaitiyeh),Tyre,South Lebanon,,,airstrike,unspecified,preliminary,0,1,"death count vague ('casualties and martyrs reported'), no figure given"
418322,1,,2026-03-08,,عيتيت,عيتيت (Aitit),Nabatieh,Nabatieh,3,,airstrike,residence,preliminary,0,0,
418162,1,,2026-03-07,morning,زوطر الشرقية,زوطر الشرقية (Zawtar al-Sharqiya),Nabatieh,Nabatieh,5,0,airstrike,two separate residential buildings (town center + Harit al-Fawqa neighborhood),preliminary,0,0,"ADDED during validation audit - originally missed during initial classification (present in the batch-2 source dump but skipped). Two days after and distinct from the March 5 417516/417534 Zawtar al-Sharqiya cluster - separate incident, different date"
418323,0,"Sudan drone strike, unrelated conflict - deaths outside Lebanon and not an Israeli attack",,,,,,,,,,,,,,
418326,1,,2026-03-08,night,صير الغربية,صير الغربية (Sir al-Gharbiyeh),Nabatieh,Nabatieh,19,0,airstrike,3-story residential building,preliminary,0,0,"initial correspondent estimate; MoPH update in 418500 gives a much lower 10 - large discrepancy, flag heavily for merge review; article also mentions earlier Al-Bayader strike (between Kfarjouz/Habbouch) w/ no deaths"
418371,1,,2026-03-08,,تفاحتا - حي الظهور,تفاحتا (Tfahta),Sidon,South Lebanon,8,0,airstrike,3-story residential building,final,0,0,same Tfahta massacre as 418293/418296 (batch 2) - full named victim list (8) confirms the original 8 estimate was correct and 418296's MoPH interim figure of 5 was itself preliminary/incomplete; treat this as the final count for that incident
418372,1,,2026-03-08,,الغازية,الغازية (Ghazieh),Sidon,South Lebanon,2,0,airstrike,building housing a displaced family,preliminary,0,0,named: Brig. Gen. Mohammad Hammadi + nephew; update/confirmation in 418515
418413,1,,2026-03-07,night (reported 3/8),الشرقية,"الشرقية (Sharqiya - village, distinct from Zawtar al-Sharqiya)",Nabatieh,Nabatieh,3,0,airstrike,unspecified,preliminary,0,0,"retrospective mention of a prior night's strike; town identity uncertain - could be a village literally named 'Sharqiya' or a truncated ref to Zawtar al-Sharqiya, verify. Article also covers same-day Bayad/Nabatieh and Arabsalim strikes w/ no deaths reported"
418442,1,,2026-03-08,,علما الشعب,علما الشعب (Alma al-Shaab),Marjayoun,Nabatieh,1,0,drone strike,farmer (occupation stated by source),preliminary,0,0,"named in update 418443: Sami Y. Ghafari, brother of the town's church priest"
418443,1,,2026-03-08,,علما الشعب,علما الشعب (Alma al-Shaab),Marjayoun,Nabatieh,1,0,drone strike,named individual (occupation: farmer per 418442),preliminary,0,0,update/detail to 418442 - same incident
418446,1,,2026-03-08,afternoon,الدوير - حي السدر,الدوير (Al-Dawir),Nabatieh,Nabatieh,6,0,airstrike,residence + car-repair hangar,preliminary,0,0,"Ayyash family (5 of 6) - SEPARATE incident from the March 6 Al-Dawir/Ramal-family massacre (417915/417945, batch 1) - different family, different date"
418472,1,,2026-03-08,,يحمر الشقيف,يحمر الشقيف (Yohmor al-Shaqif),Nabatieh,Nabatieh,,,airstrike,"chicken farm (workers, mostly Syrian nationals)",preliminary,0,1,deaths implied ('الشهداء') but no number given yet in this article; count given in update 418513 (2)
418485,1,,2026-03-08,,بريتال,بريتال (Britel),Baalbek,Baalbek-Hermel,1,1,airstrike,excavator/digger,preliminary,0,0,1 dead is a Syrian national (per source)
418500,1,,2026-03-08,,صير الغربية,صير الغربية (Sir al-Gharbiyeh),Nabatieh,Nabatieh,10,6,airstrike,residential building,preliminary,0,0,"MoPH update to 418326 chain - large drop from initial 19 estimate, flag heavily for merge review"
418504,1,,2026-03-08,,مخيم عين الحلوة - صيدا,عين الحلوة (Ain al-Hilweh camp),Sidon,South Lebanon,1,10,airstrike,unspecified,preliminary,0,0,1 dead is a Palestinian national (per source); injured: 3 Lebanese + 7 Palestinian
418506,1,,2026-03-08,,صور - حي الآثار,صور (Tyre - Al-Athar neighborhood),Tyre,South Lebanon,8,0,airstrike,unspecified,preliminary,0,1,"headline says 10, body text says 8 - internal inconsistency in the source article itself, flag for merge review, using body figure (8) as more specific"
418509,1,,2026-03-08,,تبنين,تبنين (Tibnine),Bint Jbeil,Nabatieh,2,6,airstrike,unspecified,preliminary,0,0,distinct from the March 9 Tibnine strike (418806) - different date
418513,1,,2026-03-08,,يحمر الشقيف,يحمر الشقيف (Yohmor al-Shaqif),Nabatieh,Nabatieh,2,8,airstrike,"chicken farm (Syrian nationals, incl. 3 children rescued unharmed)",preliminary,0,0,update to 418472 chain - gives the actual death count (2)
418515,1,,2026-03-08,,الغازية,الغازية (Ghazieh),Sidon,South Lebanon,2,10,airstrike,building housing a displaced family,preliminary,0,0,MoPH update/confirmation of 418372 chain
418518,1,,2026-03-08,,جويا,جويا (Joya),Tyre,South Lebanon,3,16,airstrike,town market/residential area ('ring of fire' multi-strike pattern),preliminary,0,0,"chain continues in 418583 (4) then 418675 (7, final)"
418523,1,,2026-03-09,,طير دبا,طير دبا (Tair Debba),Tyre,South Lebanon,3,15,airstrike,main road + residential areas,preliminary,0,0,"chain continues in 418583 (7) then 418675 (9, final)"
418582,1,,2026-03-09,morning,شبعا,شبعا (Shebaa),Hasbaya,Nabatieh,1,0,drone strike,municipal policeman (occupation stated by source),preliminary,0,0,
418583,1,,2026-03-09,,جويا,جويا (Joya),Tyre,South Lebanon,4,20,airstrike,town market/residential area,preliminary,0,0,"update to 418518 chain; article is a roundup, also updates Tair Debba (see next row) and mentions Deb'aal/Bint Jbeil/Al-Tiri/Qalawiyeh/Srifa/Ainata/Khirbet Selm strikes w/ no new deaths here"
418583b,1,,2026-03-09,,طير دبا,طير دبا (Tair Debba),Tyre,South Lebanon,7,18,airstrike,main road + residential areas,preliminary,0,0,same source article as 418583; update to 418523 chain - split into own row (different town)
418589,0,No new confirmed death count; follow-up body-recovery operation from a previously reported Srifa strike,,,,,,,,,,,,,,
418592,1,,2026-03-09,,كفرتبنيت,كفرتبنيت (Kfartebnit),Nabatieh,Nabatieh,3,0,airstrike,residence,preliminary,0,0,one of two strikes in this article - see next row for the second
418592b,1,,2026-03-09,,طريق بنت جبيل - عيترون,Bint Jbeil-Aytaroun road,Bint Jbeil,Nabatieh,2,0,drone strike,vehicle on road,preliminary,1,0,same source article as 418592; separate strike/location on a road between two towns - split into own row
418596,1,,2026-03-09,,شوكين,شوكين (Shawkin),Nabatieh,Nabatieh,1,1,airstrike,residence,preliminary,0,0,update/confirmation in 418804 (1 dead/8 injured - higher injury count)
418618,0,"Restates 2 medic deaths (Tair Debba, Joya) that are very likely already reflected within the town-level totals (418583/418675); does not add a new location or clearly increase either total",,,,,,,,,,,,,,"flag for merge review in case these are in fact additive, not subsets"
418669,1,,2026-03-09,daytime,الضاحية الجنوبية,الضاحية الجنوبية (Beirut southern suburb/Dahiye),Baabda,Mount Lebanon,1,12,airstrike,unspecified,preliminary,0,0,
418675,1,,2026-03-09,,طير دبا وجويا,طير دبا (Tair Debba),Tyre,South Lebanon,9,17,airstrike,main road + residential areas,final,0,0,"FINAL MoPH toll for Tair Debba (9, one body still being searched for) - supersedes 418523/418583b"
418675b,1,,2026-03-09,,جويا,جويا (Joya),Tyre,South Lebanon,7,23,airstrike,town market/residential area,final,0,0,same source article as 418675; FINAL MoPH toll for Joya - supersedes 418518/418583 - split into own row (different town)
418720,1,,2026-03-09,,طريق بيت ياحون - تبنين,Beit Yahoun-Tibnine road,Bint Jbeil,Nabatieh,1,1,drone strike,motorcycles (two),preliminary,1,0,1 dead is a Syrian national (per source)
418724,0,"General cumulative toll bulletin (MoPH), Mon dawn-Mon (Mar 9) afternoon",,,,,,,,,,,,,,
418777,1,,2026-03-09,,الطيري,الطيري (Al-Tiri),Bint Jbeil,Nabatieh,,,drone strike,unspecified,preliminary,0,1,"deaths described only as plural 'citizens', no number given; article also mentions artillery shelling on Ali al-Taher forest near Nabatieh al-Fawqa w/ no deaths"
418802,1,,2026-03-09,,النميرية,النميرية (Al-Nmeiriyeh),Nabatieh,Nabatieh,7,2,airstrike,unspecified,preliminary,0,0,"SAME DATE as the Hamdan-family Nmeiriyeh massacre (418874/418963) after the retrospective-language date correction (was recorded as Mar 10, corrected to Mar 9 - see validation audit); kept as a separate incident since this is a generic unnamed-victim MoPH-style report vs. the specifically-named Hamdan family reported hours later - genuinely uncertain whether same or different strike, flagged for user review"
418804,1,,2026-03-09,,شوكين,شوكين (Shawkin),Nabatieh,Nabatieh,1,8,airstrike,residence,preliminary,0,0,MoPH update/confirmation of 418596 - higher injury count
418805,1,,2026-03-09,,القليعة,القليعة (Qlaya),Marjayoun,Nabatieh,1,6,artillery shelling,parish priest (occupation stated by source),preliminary,0,0,
418806,1,,2026-03-09,,تبنين,تبنين (Tibnine),Bint Jbeil,Nabatieh,2,4,airstrike,unspecified,preliminary,0,0,distinct from the March 8 Tibnine strike (418509) - different date
418807,1,,2026-03-09,,بيت ليف,بيت ليف (Beit Lif),Bint Jbeil,Nabatieh,2,8,airstrike,unspecified,preliminary,0,0,
418874,1,,2026-03-09,night,النميرية - حي الغبرة,النميرية (Al-Nmeiriyeh),Nabatieh,Nabatieh,6,0,airstrike,residence,preliminary,0,0,"Hamdan family; event_date corrected from Mar 10 (publish date) to Mar 9 per explicit 'الليلة الماضية' (last night) text - validation audit fix; possible overlap with 418802 (same corrected date), kept separate pending user review; update/final in 418963 (8)"
418962,1,,2026-03-10,,القليلة,القليلة (Qlaile),Tyre,South Lebanon,2,0,drone strike,vehicle,preliminary,0,0,"distinct from the March 3 Qlaile strike (417496, batch 1) - different date"
418963,1,,2026-03-09,,النميرية,النميرية (Al-Nmeiriyeh),Nabatieh,Nabatieh,8,0,airstrike,residence,final,0,0,"event_date corrected from Mar 10 to Mar 9 (same fix as 418874 - validation audit); update to 418874 Hamdan-family chain (6->8, one victim died of wounds in hospital)"
419044,1,,2026-03-10,,كفرجوز,كفرجوز (Kfarjouz),Nabatieh,Nabatieh,1,0,airstrike,residence,preliminary,0,0,named: Haj Ayad Jaber
419068,1,,2026-03-10,,جويا,جويا (Joya),Tyre,South Lebanon,2,0,airstrike,unspecified,preliminary,0,0,"named: mayor Fawzi Fawaz + council member Abbas al-Baalbaki; a NEW/later strike on Joya after the 418675 'final' toll (7) - likely additive, flag for merge review"
419080,1,,2026-03-10,evening,قلاويه,قلاويه (Qalawiyeh),Bint Jbeil,Nabatieh,4,0,airstrike,unspecified,preliminary,0,0,this article explicitly states Qalawiyeh is in Bint Jbeil district - CORRECTS my earlier district assignment for 418036/418038 (batch 2) which I'd guessed as Nabatieh district; those should be corrected to Bint Jbeil. Distinct date/incident from the March 6 Qalawiyeh strike
419088,1,,2026-03-10,evening,زوطر الشرقية,زوطر الشرقية (Zawtar al-Sharqiya),Nabatieh,Nabatieh,2,0,airstrike,unspecified,preliminary,0,0,distinct date from the March 3 Zawtar al-Sharqiya family (417534) - separate incident
419092,1,,2026-03-10,,الأوزاعي,الأوزاعي (Ouzai),Baabda,Mount Lebanon,1,0,airstrike,motorcycle,preliminary,0,0,
419096,0,"Municipal-union condolence/eulogy statement for the already-reported Joya mayor deaths (419068, batch 3) - commemorative, not a new incident",,,,,,,,,,,,,,
419097,1,,2026-03-10,,حناويه,حناويه (Hanawiyeh),Tyre,South Lebanon,3,2,double-tap airstrike,2 civilians + 1 responding medic (explicitly identified),preliminary,0,0,second strike hit medic responding to first strike's casualties
419102,1,,2026-03-10,,الحوش - صور,الحوش (Al-Hosh),Tyre,South Lebanon,1,8,airstrike,unspecified,preliminary,0,0,
419103,1,,2026-03-10,,قانا,قانا (Qana),Tyre,South Lebanon,5,5,airstrike,multiple consecutive strikes,preliminary,0,0,"distinct date from the March 8 Qana strike (418290, batch 2) - separate incident"
419104,1,,2026-03-11,,زلايا - البقاع الغربي,زلايا (Zalaya),West Bekaa,Bekaa,1,2,airstrike,unspecified,preliminary,0,0,
419129,1,,2026-03-11,after midnight,الشرقية,الشرقية (Sharqiya - village),Nabatieh,Nabatieh,3,0,airstrike,residence,preliminary,0,0,"named: Jihad Shoeib, Hussein Hassan Shoeib, Mahdi Hussein Shoeib (same family); distinct date from 418413's earlier Sharqiya mention - separate incident, though repeated pattern (3 dead, Sharqiya) worth double-checking isn't a reporting duplicate"
419129b,1,,2026-03-11,,كفرتبنيت,كفرتبنيت (Kfartebnit),Nabatieh,Nabatieh,1,0,airstrike,"medic, Islamic Health Authority (explicitly identified)",preliminary,0,0,same source article as 419129; named: Mohammad Kajak - split into own row (different town). Article also mentions Jbeshit/Arabsalim/Zawtar al-Sharqiya strikes w/ no deaths given here
419151,1,,2026-03-11,,النبطية - شارع محمود فقيه,النبطية (Nabatieh city),Nabatieh,Nabatieh,1,0,drone strike,unspecified,preliminary,0,0,
419155,1,,2026-03-11,,تمنين التحتا,تمنين التحتا (Tamnin al-Tahta),Baalbek,Baalbek-Hermel,10,5,airstrike,residence (Syrian family),preliminary,0,0,"initial correspondent estimate; MoPH counts fluctuate in chain (419171: 7, 419415 final: 8) - flag for merge review, use 8 (final)"
419162,1,,2026-03-11,morning,بنت جبيل - صف الهوا,بنت جبيل (Bint Jbeil - Saf al-Hawa area),Bint Jbeil,Nabatieh,3,0,drone strike,SUV,preliminary,0,0,"article also covers Bar'ashit (2 Syrians injured, no death) and Tibnine (injuries only, no death) strikes"
419171,1,,2026-03-11,morning,تمنين التحتا,تمنين التحتا (Tamnin al-Tahta),Baalbek,Baalbek-Hermel,7,18,airstrike,residence (Syrian family),preliminary,0,0,"MoPH update to 419155 chain (10->7, later finalized at 8 in 419415); article also gives Ali al-Nahri: 5 injured, no deaths"
419173,1,,2026-03-11,,الشهابية,الشهابية (Al-Shihabiyeh),Tyre,South Lebanon,7,11,airstrike,unspecified,preliminary,0,0,
419176,1,,2026-03-11,dawn,بنت جبيل (مدينة),بنت جبيل (Bint Jbeil city),Bint Jbeil,Nabatieh,3,0,airstrike,unspecified,preliminary,0,0,distinct from the same-day Saf al-Hawa SUV strike (419162) - different target/time
419227,1,,2026-03-11,,شقرا,شقرا (Shaqra),Nabatieh,Nabatieh,2,0,airstrike,unspecified,preliminary,0,0,first dead-toll report for Shaqra (earlier 418038 mention had no deaths)
419261,1,,2026-03-11,noon,بين حبوش وعربصاليم,Habbouch-Arabsalim area,Nabatieh,Nabatieh,2,0,drone strike,unspecified,preliminary,1,0,"area between two towns, not a single town"
419344,1,,2026-03-11,,تبنين,تبنين (Tibnine),Bint Jbeil,Nabatieh,5,0,airstrike,building sheltering displaced families,preliminary,0,1,"5 from Al-Hanini family + unspecified additional from a displaced Maroun al-Ras family - total ambiguous, see update 419346 (8); THIRD distinct Tibnine incident this study period (after 418509 Mar8, 418806 Mar9)"
419344b,1,,2026-03-11,,برعشيت,برعشيت (Bar'ashit),Bint Jbeil,Nabatieh,1,0,drone strike,unspecified,preliminary,0,0,same source article as 419344; split into own row (different town). Article also mentions Kafra/Hariss strikes w/ no deaths
419345,1,,2026-03-11,,مفرق معركة - صور,معركة (Maaraka junction),Tyre,South Lebanon,1,14,airstrike,4-story building,preliminary,0,0,update in 419417 (2 bodies recovered)
419346,1,,2026-03-11,,تبنين,تبنين (Tibnine),Bint Jbeil,Nabatieh,8,0,airstrike,building sheltering displaced families,preliminary,0,0,MoPH update to 419344 chain
419347,0,"General daily+cumulative toll bulletin (MoPH), not a single-incident report",,,,,,,,,,,,,,
419357,1,,2026-03-11,,شعت,شعت (Chaat),Baalbek,Baalbek-Hermel,3,0,airstrike,residence (2 families),preliminary,0,0,"initial estimate; jumps sharply to 8 in update 419395/419416 - flag heavily for merge review, use 8 (later, more detailed w/ named family)"
419365,1,,2026-03-11,,دير أنطار,دير أنطار (Deir Antar),Bint Jbeil,Nabatieh,2,2,airstrike,unspecified,preliminary,0,0,"chain has repeated conflicting counts across same day (419377: 3, 419425 MoPH: 2, plus 419500's separate 1-dead car strike) - flag heavily for merge review"
419371,1,,2026-03-11,,برج الشمالي,برج الشمالي (Burj al-Shamali),Tyre,South Lebanon,6,0,airstrike,unspecified,preliminary,0,1,injury count unspecified; named family detailed in update 419419; MoPH update 419424 gives lower count (4) - flag discrepancy
419377,1,,2026-03-11,,دير أنطار,دير أنطار (Deir Antar),Bint Jbeil,Nabatieh,3,3,airstrike,unspecified,preliminary,0,0,update to 419365 chain
419395,1,,2026-03-11,,شعت,شعت (Chaat),Baalbek,Baalbek-Hermel,8,3,airstrike,residence,final,0,0,"named: Tahhan family; major update to 419357 chain (3->8), described as a massacre"
419415,1,,2026-03-11,,تمنين التحتا,تمنين التحتا (Tamnin al-Tahta),Baalbek,Baalbek-Hermel,8,17,airstrike,residence (Syrian family),final,0,0,"FINAL MoPH toll, supersedes 419155/419171 chain"
419416,1,,2026-03-11,,شعث,شعت (Chaat),Baalbek,Baalbek-Hermel,8,3,airstrike,residence,final,0,0,MoPH confirmation matching 419395 - do not double count
419417,1,,2026-03-11,,مفرق معركة - صور,معركة (Maaraka junction),Tyre,South Lebanon,2,,airstrike,4-story building,preliminary,0,0,"update to 419345 chain (bodies recovered), search continuing"
419419,1,,2026-03-11,,برج الشمالي,برج الشمالي (Burj al-Shamali),Tyre,South Lebanon,4,0,airstrike,residence,preliminary,0,0,"named: mother Fatima Awadeh + 3 sons (Sadr, Hussein, Fadi Zalghout); detail/update to 419371 chain, not additive"
419424,1,,2026-03-11,,برج الشمالي,برج الشمالي (Burj al-Shamali),Tyre,South Lebanon,4,9,airstrike,residence,preliminary,0,0,"MoPH update to 419371 chain - lower than initial 6 estimate, flag discrepancy"
419425,1,,2026-03-11,,دير أنطار,دير أنطار (Deir Antar),Bint Jbeil,Nabatieh,2,6,airstrike,unspecified,preliminary,0,0,MoPH update to Deir Antar chain - district confirmed as Bint Jbeil here
419427,1,,2026-03-11,night,الرملة البيضاء,الرملة البيضاء (Ramlet al-Baida),Beirut,Beirut,,,strike on vehicle,car,preliminary,0,1,"death count vague ('martyrs and wounded'), no figure given; chain continues in 419429 (7), 419457 (8), 419588 final (12)"
419429,1,,2026-03-12,,الرملة البيضاء,الرملة البيضاء (Ramlet al-Baida),Beirut,Beirut,7,21,strike on vehicle,car,preliminary,0,0,MoPH update to 419427 chain
419457,1,,2026-03-12,,الرملة البيضاء,الرملة البيضاء (Ramlet al-Baida),Beirut,Beirut,8,31,strike on vehicle,car,preliminary,0,0,update to 419427/419429 chain
419458,1,,2026-03-12,,عرمون,عرمون (Aramoun),Aley,Mount Lebanon,3,1,airstrike,unspecified,preliminary,0,0,"distinct date from the March 2 Aramoun/Saadiyat incident (417154/417202, batch 1); chain continues in 419535 (names photographer) and 419588 final (5)"
419499,1,,2026-03-12,,باريش,باريش (Barish),Tyre,South Lebanon,3,0,airstrike,unspecified,preliminary,0,0,"named: Khodr Abbas, Ahmad Abbas, Shafiq Rmeiti"
419500,1,,2026-03-12,,دير أنطار,دير أنطار (Deir Antar),Bint Jbeil,Nabatieh,1,0,drone strike,vehicle,preliminary,0,0,"possibly additional to, or already reflected within, the same-town multi-report chain from the prior day - flag for merge review"
419535,1,,2026-03-12,,عرمون,عرمون (Aramoun),Aley,Mount Lebanon,2,0,airstrike,unspecified,preliminary,0,0,"named: photographer/director Mohammad Shehab + young daughter; update/detail to 419458 chain, not additive"
419588,1,,2026-03-12,,عرمون,عرمون (Aramoun),Aley,Mount Lebanon,5,7,airstrike,unspecified,final,0,0,"FINAL MoPH toll for Aramoun, supersedes 419458/419535 chain"
419588b,1,,2026-03-12,,الرملة البيضاء,الرملة البيضاء (Ramlet al-Baida),Beirut,Beirut,12,28,strike on vehicle,car,final,0,0,"same source article as 419588; FINAL MoPH toll for Ramlet al-Baida - split into own row (different town), supersedes 419427/419429/419457"
419598,1,,2026-03-12,,أركي,أركي (Arki),Sidon,South Lebanon,9,7,airstrike,unspecified,preliminary,0,0,
419610,1,,2026-03-12,,الحدث - كلية العلوم,الحدث (Hadath),Baabda,Mount Lebanon,2,0,drone strike,university faculty building,preliminary,0,0,"named: Dr. Hussein Bazzi (faculty dean) + Dr. Mortada Sorour (professor), both explicitly identified by occupation"
419622,1,,2026-03-12,,بنت جبيل,بنت جبيل (Bint Jbeil),Bint Jbeil,Nabatieh,3,0,strike on vehicle,car,preliminary,0,0,
419643,1,,2026-03-12,,عين ابل,عين ابل (Ain Ebel),Bint Jbeil,Nabatieh,3,0,airstrike,named workers installing a satellite dish,preliminary,0,0,"named: George Khreish, Elie Attallah, Shadi Ammar; update/confirmation in 419692"
419666,1,,2026-03-12,afternoon,أركي,أركي (Arki),Sidon,South Lebanon,9,0,airstrike,residence,preliminary,0,0,5 of 9 dead are children; municipal condolence statement functions as the primary report here (first mention of this specific toll); confirmed in 419685
419673,1,,2026-03-12,,مفرق معركة البص - صور,معركة البص (Maaraka al-Bass junction),Tyre,South Lebanon,2,,airstrike,unspecified,preliminary,0,0,"second victim died of wounds, raising total to 2; the initial (first) death from this strike was not itself in the keyword-filtered candidate set"
419685,1,,2026-03-12,,أركي,أركي (Arki),Sidon,South Lebanon,9,7,airstrike,residence,final,0,0,"MoPH confirmation of 419666 (title says 'final', body says 'preliminary' - internal inconsistency, note for merge)"
419692,1,,2026-03-12,,عين ابل,عين ابل (Ain Ebel),Bint Jbeil,Nabatieh,3,0,airstrike,unspecified,preliminary,0,0,MoPH update/confirmation of 419643 chain
419692b,1,,2026-03-12,,باريش,باريش (Barish),Tyre,South Lebanon,3,0,airstrike,unspecified,preliminary,0,0,"same source article as 419692; likely same-day MoPH confirmation of 419499 (batch 4) - do not double count, split into own row (different town)"
419699,1,,2026-03-13,,الجناح,الجناح (Jnah),Beirut,Beirut,1,0,strike on vehicle,car,preliminary,0,0,
419700,1,,2026-03-13,,عبا,عبا (Aaba),Nabatieh,Nabatieh,1,1,airstrike,residence,preliminary,0,0,named: Ataf Moallem Sabra
419721,1,,2026-03-13,,طريق الشعيتية,طريق الشعيتية (Al-Shaitiyeh road),Tyre,South Lebanon,1,0,drone strike,vehicle,preliminary,0,0,
419722,1,,2026-03-13,morning,بر الياس - البقاع الأوسط,بر الياس (Bar Elias),Zahle,Bekaa,2,3,airstrike,apartment (targeted an Islamic Group official),preliminary,0,0,"named: sons Abdul Rahman and Mosaab al-Dahouk; the targeted official Youssef al-Dahouk (explicitly ID'd as Islamic Group official) survived, critically injured"
419730,1,,2026-03-12,night (prior),النبطية الفوقا,النبطية الفوقا (Nabatieh al-Fawqa),Nabatieh,Nabatieh,1,0,airstrike,residence (sheikh's home),preliminary,0,0,"event_date corrected from Mar 13 (publish date) to Mar 12 per explicit 'الليلة الماضية' (last night) text - validation audit fix; named: Sheikh Hassan Ghandour, died of wounds; article also covers Al-Dawir (3 strikes, no deaths given) and Sir al-Gharbiyeh/Kfarsir/Aaba strikes w/ no deaths"
419742,0,No confirmed death - only injuries confirmed by residents; search ongoing for possible additional casualties at the site,,,,,,,,,,,,,,
419753,1,,2026-03-13,,أطراف شبعا,شبعا (Shebaa - outskirts),Hasbaya,Nabatieh,2,0,drone strike,unspecified,preliminary,0,0,"named: Mahmoud Akrama Nassif, Hadi Mohammad Kaanan"
419805,1,,2026-03-13,,الفوار - صيدا,الفوار (Al-Fawwar),Sidon,South Lebanon,8,9,airstrike,unspecified,preliminary,0,0,
419817,1,,2026-03-13,noon,طريق كفرتبنيت - أرنون,Kfartebnit-Arnoun road,Nabatieh,Nabatieh,1,0,drone strike,motorcycle,preliminary,1,0,
419833,1,,2026-03-13,,ياطر,ياطر (Yatar),Bint Jbeil,Nabatieh,1,0,airstrike,unspecified,preliminary,0,0,"named: Hassan Youssef Sweidan; district uncertain, verify"
419926,1,,2026-03-13,,الغازية - قرب مدرسة السفير,الغازية (Ghazieh),Sidon,South Lebanon,2,0,airstrike,building,preliminary,0,0,"2 children; distinct from the March 8 Ghazieh strike (418372/418515, batch 3) - different date/incident"
419931,1,,2026-03-13,,الصوانة,الصوانة (Al-Sawwaneh),Tyre,South Lebanon,2,0,strike on responder team,"2 medics (Islamic Resalah Scouts + Islamic Health Authority), explicitly identified",preliminary,0,0,update/confirmation in 419957
419940,1,,2026-03-13,,بنت جبيل (مدينة),بنت جبيل (Bint Jbeil city),Bint Jbeil,Nabatieh,3,0,airstrike,unspecified,preliminary,0,0,third distinct Bint Jbeil city strike this study period - different date from 419176 and 419622; article also mentions a coinciding Aytaroun strike w/ no deaths given
419952,1,,2026-03-13,,النبطية - حي الراهبات,النبطية (Nabatieh city - Al-Rahibat neighborhood),Nabatieh,Nabatieh,6,0,airstrike,residence,preliminary,0,0,"named: Basma family; chain fluctuates (419969: 5, 419993: 7, 420189 final: 7) - use 7"
419957,1,,2026-03-13,,الصوانة,الصوانة (Al-Sawwaneh),Tyre,South Lebanon,2,5,strike on responder team,joint Islamic Resalah Scouts / Islamic Health Authority post (direct strike),preliminary,0,0,MoPH confirmation of 419931 - do not double count
419969,1,,2026-03-13,,النبطية - حي الراهبات,النبطية (Nabatieh city - Al-Rahibat neighborhood),Nabatieh,Nabatieh,5,5,airstrike,residence,preliminary,0,0,MoPH update to 419952 chain - see 419993/420189 for further updates to 7 (final)
419988,1,,2026-03-13,night,برج قلاويه,برج قلاويه (Burj Qalawiyeh),Bint Jbeil,Nabatieh,1,0,airstrike,unspecified,preliminary,0,0,"named: Dr. Hisham Ismail (occupation stated); article also covers Bint Jbeil/Ainata/Aytaroun/Maroun al-Ras strikes and clashes, and Wadi al-Hujeir shelling w/ no deaths given here - likely connected to the much larger 419992 strike on the same village's health center later that night, flag for merge review"
419989,1,,2026-03-14,,تعمير حارة صيدا,حارة صيدا (Harit Saida),Sidon,South Lebanon,4,0,airstrike,apartment,preliminary,0,0,FINAL toll confirmed in 420189 (4/2 injured)
419992,1,,2026-03-14,,برج قلاويه,برج قلاويه (Burj Qalawiyeh),Bint Jbeil,Nabatieh,12,,airstrike,Islamic Health Authority center (explicit target - a medical facility),preliminary,0,0,"MAJOR strike; likely same broader incident cluster as 419988's 1-dead doctor report - flag heavily for merge review. Later context (420111) references 31 total medic deaths incl. bodies recovered from a primary health care center in this same village, consistent with this strike"
419993,1,,2026-03-13,night (prior),النبطية - حي الراهبات,النبطية (Nabatieh city - Al-Rahibat neighborhood),Nabatieh,Nabatieh,7,0,airstrike,residence,final,0,0,"named: Qais Basma + wife Baladin Jaber + children Hussein/Hassan/Abbas + infant Helen (6) + Hussein Mohammad Bitar (died of wounds, 7th); update to 419952/419969 chain; article also covers Samouqa/Tool/Arnoun/Yohmor al-Shaqif strikes+shelling w/ no deaths given here"
420086,1,,2026-03-14,dawn,النبعة - برج حمود,النبعة (Nabaa - Bourj Hammoud),Matn,Mount Lebanon,1,4,airstrike,apartment,preliminary,0,0,
420111,0,"General daily+cumulative toll bulletin (MoPH), not a single-incident report",,,,,,,,,,,,,,
420152,1,,2026-03-14,evening,ميفدون,ميفدون (Meifadoun),Nabatieh,Nabatieh,4,0,airstrike,residence,preliminary,0,0,"named: Souli family (displaced from Tayibeh); distinct from the March 7 Meifadoun strike (418222, batch 2); update/confirmation in 420176"
420167,1,,2026-03-14,,القنطرة,القنطرة (Qantara),Marjayoun,Nabatieh,4,0,airstrike,residence,preliminary,0,0,"named: Al-Sagheer family (father, mother, 2 children)"
420176,1,,2026-03-14,,ميفدون,ميفدون (Meifadoun),Nabatieh,Nabatieh,4,5,airstrike,residence,preliminary,0,0,MoPH confirmation of 420152 - do not double count
420176b,1,,2026-03-14,,مجدل سلم,مجدل سلم (Majdal Selem),Marjayoun,Nabatieh,1,2,airstrike,unspecified,preliminary,0,0,"same source article as 420176; split into own row (different town) - distinct date from the March 6 Majdal Selem massacre (417990, batch 1) and the March 15 Majdal Selem strike (420332)"
420180,1,,2026-03-15,dawn,الشرحبيل - صيدا,الشرحبيل (Sharhabil),Sidon,South Lebanon,1,0,airstrike,apartment,preliminary,0,0,update/confirmation in 420226
420189,1,,2026-03-14,,النبطية - حي الراهبات,النبطية (Nabatieh city - Al-Rahibat neighborhood),Nabatieh,Nabatieh,7,5,airstrike,residence,final,0,0,FINAL MoPH toll for 419952/419969/419993 chain (4 of 7 are children)
420189b,1,,2026-03-14,,حارة صيدا,حارة صيدا (Harit Saida),Sidon,South Lebanon,4,2,airstrike,apartment,final,0,0,same source article as 420189; FINAL MoPH toll confirming 419989 - split into own row (different town)
420189c,1,,2026-03-14,,القطراني - جزين,القطراني (Qatrani),Jezzine,South Lebanon,3,6,airstrike,unspecified,preliminary,0,0,"same source article as 420189; first quantified report for this incident (see 420190 for the initial vague mention, 420334 for final toll) - split into own row (different town)"
420190,1,,2026-03-14,night,القطراني - جزين,القطراني (Qatrani),Jezzine,South Lebanon,,,airstrike,unspecified,preliminary,0,1,"death count vague ('martyrs and wounded'), no figure given; same incident as 420189c/420334 - do not double count"
420226,1,,2026-03-15,,الشرحبيل - صيدا,الشرحبيل (Sharhabil),Sidon,South Lebanon,1,0,airstrike,apartment,preliminary,0,0,MoPH confirmation of 420180 - do not double count; injuries revised to 3 children
420267,0,"General daily+cumulative toll bulletin (MoPH), not a single-incident report",,,,,,,,,,,,,,
420287,1,,2026-03-15,afternoon,طريق النبطية الفوقا,طريق النبطية الفوقا (Nabatieh al-Fawqa road),Nabatieh,Nabatieh,1,0,airstrike,shop (Express),preliminary,0,0,
420332,1,,2026-03-15,,مجدل سلم,مجدل سلم (Majdal Selem),Marjayoun,Nabatieh,2,4,airstrike,unspecified,preliminary,0,0,distinct date from the March 6 (417990) and March 14 (420176b) Majdal Selem strikes
420332b,1,,2026-03-15,,عيتيت,عيتيت (Aitit),Nabatieh,Nabatieh,3,3,airstrike,unspecified,preliminary,0,0,"same source article as 420332; split into own row (different town) - distinct date from the March 8 Aitit strike (418322, batch 2)"
420334,1,,2026-03-14,night (prior),القطراني - جزين,القطراني (Qatrani),Jezzine,South Lebanon,5,6,airstrike,unspecified,final,0,0,"FINAL MoPH toll, supersedes 420189c/420190 chain (3->5)"
420377,1,,2026-03-16,,كفرصير,كفرصير (Kfarsir),Nabatieh,Nabatieh,3,1,double-tap airstrike,"1 civilian (home) + 2 medics (Islamic Health Authority, explicit)",preliminary,0,0,second strike hit the responding ambulance
420429,1,,2026-03-16,,القنطرة,القنطرة (Qantara),Marjayoun,Nabatieh,4,0,airstrike,unspecified,preliminary,0,0,"2 children; distinct date from the March 14 Qantara/Al-Sagheer-family strike (420167, batch 5)"
420508,0,"General daily+cumulative toll bulletin (MoPH), not a single-incident report",,,,,,,,,,,,,,
420532,1,,2026-03-16,,ياطر,ياطر (Yatar),Bint Jbeil,Nabatieh,1,1,drone strike,"medic (Islamic Health Authority, explicit)",preliminary,0,0,"likely same incident as 420556 (named medic, ambulance struck) - do not double count"
420556,1,,2026-03-16,,ياطر,ياطر (Yatar),Bint Jbeil,Nabatieh,1,0,drone strike,ambulance (named medic Mohammad Jaafar),preliminary,0,0,likely same incident as 420532 - do not double count
420564,1,,2026-03-16,,مفرق معركة - قرب مستشفى جبل عامل,معركة (Maaraka junction),Tyre,South Lebanon,1,5,airstrike,apartment,preliminary,0,0,"chain continues in 420574 (final, 6 inj.) and 420575 (MoPH, 16 inj.) - injury counts vary, deaths consistent at 1"
420574,1,,2026-03-16,,مفرق معركة,معركة (Maaraka junction),Tyre,South Lebanon,1,6,airstrike,apartment,final,0,0,"final toll per Tyre district health chief, update to 420564; article also mentions a same-night Srifa strike w/ injuries but no confirmed death"
420575,1,,2026-03-16,,مفرق معركة,معركة (Maaraka junction),Tyre,South Lebanon,1,16,airstrike,apartment,preliminary,0,0,"MoPH figure, higher injury count than 420564/420574 - flag for merge review, death count consistent"
420648,1,,2026-03-17,morning,بنت جبيل (مدينة),بنت جبيل (Bint Jbeil city),Bint Jbeil,Nabatieh,3,0,airstrike,unspecified,preliminary,0,0,fourth distinct Bint Jbeil city strike this study period - different date
420682,1,,2026-03-17,,الجميجمة,الجميجمة (Al-Jmeijmeh),Tyre,South Lebanon,2,0,airstrike,unspecified,preliminary,0,0,article also covers ongoing artillery shelling of Zebqin/Jabal al-Botm w/ no deaths
420708,1,,2026-03-17,,قعقعية الجسر,قعقعية الجسر (Qaaqaait al-Jisr),Nabatieh,Nabatieh,1,,airstrike,"soldier (Lebanese Army, explicit)",preliminary,0,0,Army statement; follow-up to an earlier (not itself keyword-matched) report of 5 soldiers injured there; chain continues in 420801/420826
420763,1,,2026-03-17,,طريق المطار,طريق المطار (Airport Road),Baabda,Mount Lebanon,1,9,airstrike,unspecified,preliminary,0,0,"distinct date from the March 3 Airport Road strike (417491, batch 1)"
420770,1,,2026-03-17,,طريق زبدين - النبطية,Zebdine-Nabatieh road,Nabatieh,Nabatieh,2,,drone strike,"2 soldiers on a motorcycle (Lebanese Army, explicit)",preliminary,1,0,Army statement (via X/Twitter); chain continues in 420801/420826
420778,1,,2026-03-17,,بين عبا وجبشيت - قرب مدرسة التنشئة,Aaba-Jbeshit area,Nabatieh,Nabatieh,1,1,drone strike,vehicle,preliminary,1,0,article also mentions a Tool building destroyed by a separate strike w/ no deaths given
420783,0,"General daily+cumulative toll bulletin (MoPH), not a single-incident report",,,,,,,,,,,,,,
420788,1,,2026-03-17,,السلطانية,السلطانية (Al-Sultaniyeh),Bint Jbeil,Nabatieh,1,0,strike on vehicle,car,preliminary,0,0,
420801,0,"Army eulogy identifying the 3 soldiers already reported killed in 420708 (Qaaqaait al-Jisr) and 420770 (Zebdine road) - biographical/commemorative, no new incident data",,,,,,,,,,,,,,
420805,1,,2026-03-17,,مجمع دغمان السكني - حاروف,حاروف (Haroof),Nabatieh,Nabatieh,3,,airstrike,residential complex,preliminary,0,1,"'3 so far' - recovery ongoing, count may be incomplete; referenced again (not updated) in 420918"
420810,1,,2026-03-17,,الغازية,الغازية (Ghazieh),Sidon,South Lebanon,3,5,airstrike,unspecified,preliminary,0,0,third distinct Ghazieh incident this study period - different date from March 8 and March 13 strikes
420826,0,"Army condemnation statement restating the already-known 3 KIA total (matches 420708+420770 combined) across Zebdine/Qaaqaait al-Jisr/Al-Dawir - no new deaths, policy statement not an incident report",,,,,,,,,,,,,,
420855,1,,2026-03-17,,بعلبك - رأس العين,بعلبك (Baalbek city - Ras al-Ain),Baalbek,Baalbek-Hermel,2,6,airstrike,residential building,preliminary,0,0,2 children; 3 missing; chain continues in 420869/420947 (final: 4 dead/7 injured)
420868,1,,2026-03-18,,حبوش,حبوش (Habbouch),Nabatieh,Nabatieh,3,1,airstrike,building,preliminary,0,1,"headline says '8 dead' but body says 3 dead confirmed + 8 missing (search ongoing) - internal inconsistency, use body figure"
420869,1,,2026-03-18,,بعلبك,بعلبك (Baalbek city - Ras al-Ain),Baalbek,Baalbek-Hermel,4,7,airstrike,residential building,preliminary,0,0,"MoPH update to 420855 chain, matches final in 420947"
420870,1,,2026-03-18,,جبشيت,جبشيت (Jbeshit),Nabatieh,Nabatieh,4,0,airstrike,unspecified,preliminary,0,0,4 Syrian nationals; distinct date from earlier Jbeshit incidents
420871,1,,2026-03-18,,قناريت - مجمع حجازي السكني,قناريت (Qanaryet),Sidon,South Lebanon,3,0,airstrike,residential complex,preliminary,0,0,article also mentions a warned strike on a pharmaceutical warehouse in Aaqbiyeh w/ no deaths
420876,1,,2026-03-18,dawn,بيروت (غارتان),بيروت (Beirut - two strikes),Beirut,Beirut,6,24,airstrike,unspecified,preliminary,1,0,"combined toll for two unspecified Beirut strikes, body parts recovered pending DNA ID; locations later specified in 420939/420942 as Basta + Zuqaq al-Blat"
420899,1,,2026-03-18,,سحمر,سحمر (Sohmor),West Bekaa,Bekaa,4,0,airstrike,4 homes,preliminary,0,0,"MoPH update 420936 gives a lower count (2) - flag discrepancy; possibly a further, additional Sohmor strike in 420959 later same day"
420918,1,,2026-03-18,,ميفدون,ميفدون (Meifadoun - municipality building),Nabatieh,Nabatieh,1,9,airstrike,municipal council member + medic (explicit dual role),preliminary,0,0,"named: Hazan Mohsen Ayyash; roundup article, also covers Nabatieh Al-Maidan/Arabsalim/Al-Dawir strikes w/ no deaths given here, and references the already-covered Haroof recovery (420805)"
420926,1,,2026-03-18,,برج قلاويه,برج قلاويه (Burj Qalawiyeh),Bint Jbeil,Nabatieh,1,0,drone strike,unspecified,preliminary,0,0,"distinct date from the March 14 Burj Qalawiyeh strikes (419988/419992, batch 5)"
420936,1,,2026-03-18,,سحمر,سحمر (Sohmor),West Bekaa,Bekaa,2,6,airstrike,unspecified,preliminary,0,0,"MoPH update to 420899 - lower count, flag discrepancy"
420939,1,,2026-03-18,dawn,زقاق البلاط,زقاق البلاط (Zuqaq al-Blat),Beirut,Beirut,2,14,airstrike,apartment,preliminary,0,0,one of the two 420876 Beirut strikes; superseded by 420942's combined final
420942,1,,2026-03-18,dawn,البسطة وزقاق البلاط,البسطة / زقاق البلاط (Basta / Zuqaq al-Blat),Beirut,Beirut,10,27,airstrike,unspecified,final,1,0,"combined final toll for both dawn Beirut strikes, supersedes 420876/420939"
420943,1,,2026-03-18,,الكورنيش البحري - صيدا,صيدا (Sidon Corniche),Sidon,South Lebanon,2,1,strike on vehicle,"car (1 medic - Civil Defense, explicit)",preliminary,0,0,likely same incident as 420958 (driver + named Civil Defense member) - do not double count
420944,1,,2026-03-18,,القليعة - مبنى اندريه الحاج,القليعة (Qlaya),Marjayoun,Nabatieh,2,0,artillery shelling,apartment,preliminary,0,0,"1 child; distinct incident/date/mechanism from the March 9 Qlaya priest killing (418805, batch 3); article also covers Majdal Selem/Khirbet Selm/Jdeidet Marjayoun/Ebl al-Saqi shelling w/ no deaths given here (Khirbet Selm toll appears later in 420988)"
420947,1,,2026-03-17,,بعلبك,بعلبك (Baalbek city - Ras al-Ain),Baalbek,Baalbek-Hermel,4,7,airstrike,residential building,final,0,0,"final toll, confirms 420869 - supersedes 420855 chain"
420958,1,,2026-03-18,,الطريق البحرية - صيدا,صيدا (Sidon coastal road),Sidon,South Lebanon,2,0,strike on vehicle,driver + Civil Defense member (named: Fahmi Mohieddine al-Shamiya),preliminary,0,0,likely same incident as 420943 - do not double count
420959,1,,2026-03-18,evening (just now),سحمر,سحمر (Sohmor),West Bekaa,Bekaa,2,0,airstrike,residence,preliminary,0,0,"described as a fresh/further strike - possibly additional to the 420899/420936 chain rather than an update of it, flag for merge review"
420973,1,,2026-03-18,,دير الزهراني,دير الزهراني (Deir al-Zahrani),Zahrani,South Lebanon,2,7,airstrike,residential building,preliminary,0,0,
420988,1,,2026-03-18,,خربة سلم - بئر السلاسل,خربة سلم (Khirbet Selm),Bint Jbeil,Nabatieh,2,,strike on responder post,Islamic Health Authority point,preliminary,0,0,toll for the Khirbet Selm strike mentioned earlier without numbers in 420944
421064,0,"General daily+cumulative toll bulletin (MoPH), not a single-incident report",,,,,,,,,,,,,,
421111,1,,2026-03-18,,شعت,شعت (Chaat),Baalbek,Baalbek-Hermel,4,,airstrike,residence,preliminary,0,0,"distinct date from the March 11 Chaat massacre (419357/419395, batch 4); update in 421113 (6, named family)"
421113,1,,2026-03-18,,أطراف شعت لجهة يونين,شعت (Chaat - toward Younine),Baalbek,Baalbek-Hermel,6,,airstrike,residence,preliminary,0,0,"named: Namr family (Hussein, wife Asmaa al-Kaheel, and 4 children); update to 421111"
421215,1,,2026-03-19,,البازورية,البازورية (Bazouriyeh),Tyre,South Lebanon,1,2,airstrike,unspecified,preliminary,0,0,
421236,1,,2026-03-19,,أطراف عدلون,عدلون (Adloun - outskirts),Sidon,South Lebanon,2,0,airstrike,residence,preliminary,0,0,distinct from the later March 24 Adloun-area incidents (422220/422407) - different date
421438,1,,2026-03-20,dawn,بافيله,بافيله (Bafiliyeh),Tyre,South Lebanon,2,1,airstrike,residence,preliminary,0,0,"article also mentions strikes on Bint Jbeil city, Al-Tiri, and a repeated Kfartebnit strike w/ no deaths given"
421542,0,"General daily+cumulative toll bulletin (MoPH), not a single-incident report",,,,,,,,,,,,,,
421608,1,,2026-03-20,dawn,الغندورية,الغندورية (Al-Ghandouriyeh),Bint Jbeil,Nabatieh,1,2,airstrike,residence,preliminary,0,0,article also mentions renewed artillery shelling of Naqoura w/ no deaths
421690,1,,2026-03-21,dawn,زوطر الشرقية,زوطر الشرقية (Zawtar al-Sharqiya),Nabatieh,Nabatieh,1,0,airstrike,residence,preliminary,0,0,fourth distinct Zawtar al-Sharqiya incident this study period - different date; article also mentions a Jabal al-Rihan heights strike w/ no deaths
421727,0,"General daily+cumulative toll bulletin (MoPH), not a single-incident report",,,,,,,,,,,,,,
421816,1,,2026-03-22,dawn,السلطانية,السلطانية (Al-Sultaniyeh),Bint Jbeil,Nabatieh,2,0,airstrike,unspecified,preliminary,0,1,count hedged ('وافيد'); update in 421849 (3)
421816b,1,,2026-03-22,,الصوانة,الصوانة (Al-Sawwaneh),Tyre,South Lebanon,1,0,airstrike,unspecified,preliminary,0,1,same source article as 421816; count hedged; split into own row (different town); confirmed in 421849 (1); article also covers intermittent artillery/machine-gun activity on Qantara/Beit Lif/Qawzah/Aita al-Shaab w/ no deaths
421849,1,,2026-03-22,dawn,السلطانية,السلطانية (Al-Sultaniyeh),Bint Jbeil,Nabatieh,3,3,airstrike,unspecified,preliminary,0,0,MoPH update to 421816 (2->3)
421849b,1,,2026-03-22,,الصوانة,الصوانة (Al-Sawwaneh),Marjayoun,Nabatieh,1,4,airstrike,unspecified,preliminary,0,0,"same source article as 421849; MoPH confirmation of 421816b - split into own row; note district given here as Marjayoun, differs from my Tyre guess in 421816b - use Marjayoun"
421865,0,"General daily+cumulative toll bulletin (MoPH), not a single-incident report",,,,,,,,,,,,,,
421924,1,,2026-03-22,,حبوش,حبوش (Habbouch),Nabatieh,Nabatieh,1,0,airstrike,unspecified,preliminary,0,0,"named: Hussein Halal (customer service dept head, Electricite du Liban - explicit occupation); company condolence statement functions as primary report of this death; distinct date from the later March 24 Habbouch strike (422404)"
421941,1,,2026-03-23,past midnight,الشهابية,الشهابية (Al-Shihabiyeh),Tyre,South Lebanon,1,1,airstrike,building,preliminary,0,0,"distinct date from the March 11 Al-Shihabiyeh strike (419173, batch 4); possibly same-day duplicate/update of 421968 - flag for merge review"
421961,1,,2026-03-23,,مجدل سلم,مجدل سلم (Majdal Selem),Marjayoun,Nabatieh,1,2,drone strike,motorcycle,preliminary,0,0,fourth distinct Majdal Selem incident this study period - different date
421965,1,,2026-03-23,,الحنية,الحنية (Al-Haniyeh),Tyre,South Lebanon,1,1,artillery shelling,unspecified,preliminary,0,0,"distinct from the earlier vague-count Haniyeh strike (418000, batch 2) - different date/mechanism"
421968,1,,2026-03-23,,الشهابية,الشهابية (Al-Shihabiyeh),Tyre,South Lebanon,1,4,airstrike,unspecified,preliminary,0,0,"same day as 421941 - possibly the same incident restated, flag for merge review"
422053,1,,2026-03-23,afternoon,الحازمية,الحازمية (Hazmieh),Baabda,Mount Lebanon,1,0,airstrike,apartment,preliminary,0,0,confirmed by name by mayor Jean al-Asmar
422058,0,"General daily+cumulative toll bulletin (MoPH), not a single-incident report",,,,,,,,,,,,,,
422103,0,Retracted by follow-up correction 422110 - the medic/ambulance-strike claim was false,,,,,,,,,,,,,,see 422110 for the corrected version of this incident
422110,1,,2026-03-23,,عيتيت,عيتيت (Aitit),Nabatieh,Nabatieh,1,0,airstrike,residence,preliminary,0,0,"CORRECTION of 422103: no medic/ambulance involved, actually a home strike killing 1 civilian"
422141,1,,2026-03-24,,بشامون,بشامون (Bshamoun),Aley,Mount Lebanon,2,5,airstrike,unspecified,preliminary,0,0,"update in 422204 (3, incl. a 3-year-old girl)"
422142,1,,2026-03-24,past midnight,حلتا - العرقوب,حلتا (Halta),Hasbaya,Nabatieh,1,,ground incursion/raid,civilian home (Israeli infantry force entered and opened fire),preliminary,0,0,"named: Mohammad Ali Hatem Abdel Aal; 4 residents also kidnapped in same raid; detail/update in 422160; article also covers Zafta (2 injured, no death), Sarbin/Hariss/Rashaf/Deir Antar/Toulin strikes and Qawzah clashes w/ no deaths given here"
422152,1,,2026-03-24,,سلعا,سلعا (Sal'a),Tyre,South Lebanon,4,4,airstrike,residence,preliminary,0,0,article also covers Naqoura/Alma al-Shaab artillery w/ no deaths; MoPH update 422204 gives a lower count (2) - flag discrepancy
422160,1,,2026-03-24,dawn,حلتا - العرقوب,حلتا (Halta),Hasbaya,Nabatieh,1,,ground incursion/raid,civilian home,preliminary,0,0,"detail/update to 422142 - same incident, names injured (Ashraf Khalil al-Qadiri) and kidnapped (Shadi Karam Abdel Aal) - do not double count"
422173,1,,2026-03-24,,طريق البرج الشمالي,Burj al-Shamali road,Tyre,South Lebanon,1,0,drone strike,motorcycle,preliminary,1,0,
422204,1,,2026-03-24,,بشامون,بشامون (Bshamoun),Aley,Mount Lebanon,3,4,airstrike,unspecified,preliminary,0,0,"MoPH update to 422141 (2->3), includes a 3-year-old girl"
422204b,1,,2026-03-24,,سلعا,سلعا (Sal'a),Tyre,South Lebanon,2,5,airstrike,residence,preliminary,0,0,"same source article as 422204; MoPH update to 422152 - lower count (4->2), flag discrepancy; split into own row"
422204c,1,,2026-03-24,,صريفا,صريفا (Srifa),Tyre,South Lebanon,3,0,airstrike,unspecified,preliminary,0,0,"same source article as 422204; new/distinct Srifa incident this date; split into own row. Article also gives Aitit: 2 injured only (no death) - consistent w/ 422110's single-death report, not additive"
422206,1,,2026-03-24,,كفرتبنيت,كفرتبنيت (Kfartebnit),Nabatieh,Nabatieh,1,0,airstrike,unspecified,preliminary,0,0,"named: Mahmoud Hamad (school inspector, explicit occupation); article also mentions a Haroof drone strike w/ no deaths given here"
422210,1,,2026-03-24,,مخيم المية ومية,مخيم المية ومية (Mieh Mieh camp),Sidon,South Lebanon,3,0,airstrike,residence,preliminary,0,0,corrected down to 2 in 422236/422406 (named: Al-Kaoush + wife; son injured) - use 2
422216,1,,2026-03-24,,محرونة,محرونة (Mahrouneh),Zahrani,South Lebanon,1,0,drone strike,motorcycle,preliminary,0,0,
422220,1,,2026-03-24,,بين عدلون وأبو الأسود,Adloun-Abu al-Aswad area,Sidon,South Lebanon,2,2,airstrike,unspecified,preliminary,1,0,"same-day as 422407's Adloun report (4 dead) - possibly the same strike with a later/different count, flag for merge review"
422226,1,,2026-03-24,,الشبريحة,الشبريحة (Shabriha junction),Tyre,South Lebanon,1,0,strike on vehicle,pickup truck,preliminary,0,0,Syrian national; article also mentions a Qana strike w/ no death given
422236,1,,2026-03-24,,مخيم المية ومية,مخيم المية ومية (Mieh Mieh camp),Sidon,South Lebanon,2,1,airstrike,residence,preliminary,0,0,CORRECTION of 422210 (3->2); named: Al-Kaoush + wife; confirmed in 422406
422280,1,,2026-03-24,,مدخل النبطية الشمالي,النبطية (Nabatieh city - northern entrance),Nabatieh,Nabatieh,2,0,drone strike,"motorcycle (2 medics, Nabatieh ambulance team, explicit)",preliminary,0,0,"named: Ali Hassan Nazar Jaber, Joud Mohammad Suleiman; same location struck again 2h later, no further casualties reported"
422280b,1,,2026-03-24,,أوتوستراد جبوش - النبطية قرب مبنى النافعة,Jbeshit-Nabatieh highway,Nabatieh,Nabatieh,1,1,drone strike,motorcycle,preliminary,1,0,same source article as 422280; split into own row (different location)
422280c,1,,2026-03-24,,أوتوستراد حبوش - النبطية قرب مطعم الفيروز,Habbouch-Nabatieh highway,Nabatieh,Nabatieh,1,0,drone strike,motorcycle,preliminary,1,0,same source article as 422280; Syrian national; split into own row (different location). Article also mentions a Nabatieh al-Fawqa strike w/ no deaths
422303,1,,2026-03-24,dawn,حلتا - العرقوب,حلتا (Halta),Hasbaya,Nabatieh,1,1,ground incursion/raid,15-year-old (kidnapping of another resident during the same raid),preliminary,0,0,same village and likely same broader raid as 422142/422160 but a distinct additional victim (age 15) and a separate kidnapping - flag heavily for merge review re: whether this is the same overall incident
422317,0,"General daily+cumulative toll bulletin (MoPH), not a single-incident report",,,,,,,,,,,,,,
422378,1,,2026-03-24,,كونين - محلة البركة,كونين (Kounine),Bint Jbeil,Nabatieh,1,0,airstrike,unspecified,preliminary,0,0,
422404,1,,2026-03-24,,حبوش,حبوش (Habbouch),Nabatieh,Nabatieh,3,18,airstrike,unspecified,preliminary,0,0,"distinct date from the earlier March 22 Habbouch strike (421924) and the March 18 Habbouch strike (420868, batch 6)"
422406,1,,2026-03-24,,مخيم المية ومية,مخيم المية ومية (Mieh Mieh camp),Sidon,South Lebanon,2,4,airstrike,apartment,final,0,0,MoPH confirmation of the corrected 422236 chain - do not double count
422407,1,,2026-03-24,,عدلون,عدلون (Adloun),Sidon,South Lebanon,4,1,airstrike,unspecified,preliminary,0,0,"same-day as 422220's Adloun-area report (2 dead) - possibly the same strike with a different/updated count, flag for merge review"
422420,1,,2026-03-25,,باتوليه,باتوليه (Batouliyeh),Tyre,South Lebanon,1,1,airstrike,residence,preliminary,0,0,
422440,0,Hezbollah statement describing its own attacks on Israeli troop concentrations at Qawzah/Naqoura - not an Israeli attack on Lebanon,,,,,,,,,,,,,,
422441,1,,2026-03-25,past midnight,بين زوطر الشرقية وزوطر الغربية,Zawtar al-Sharqiya/al-Gharbiya area,Nabatieh,Nabatieh,2,0,airstrike,residence,preliminary,1,0,
422453,0,MoPH condolence statement identifying the 2 medics already reported killed in 422280 (batch 7); no new incident data beyond a cumulative medic-death count,,,,,,,,,,,,,,
422484,0,"Funeral procession for the medics already reported in 422280/422453 - commemoration, not a new incident",,,,,,,,,,,,,,
422520,0,"General daily+cumulative toll bulletin (MoPH), not a single-incident report",,,,,,,,,,,,,,
422527,1,,2026-03-25,afternoon,البيسارية,البيسارية (Beisariyeh),Nabatieh,Nabatieh,2,,airstrike,residence,preliminary,0,0,"district uncertain, verify; roundup article covers many other same-afternoon strikes/shelling (Bint Jbeil city, Bayyada, Naqoura, Qaaqaait al-Sanawbar, Tibnine, Yatar, Khiam, Majdal Zoun, Deir Siryan x5, Khiam house demolitions, empty homes in Majadel/Joya) w/ no deaths reported for any of those"
422535,1,,2026-03-25,evening,حاروف - حي البيدر,حاروف (Haroof),Nabatieh,Nabatieh,2,0,airstrike,residence,preliminary,0,0,named: Sheikh Hussein al-Naji + wife; confirmed in 422584
422579,1,,2026-03-25,,كونين,كونين (Kounine),Bint Jbeil,Nabatieh,3,4,airstrike,unspecified,preliminary,0,0,"distinct date from the March 24 Kounine strike (422378, batch 7); same-article Toulin strike had injuries only, no death"
422584,1,,2026-03-25,evening,حاروف,حاروف (Haroof),Nabatieh,Nabatieh,2,8,airstrike,residence,preliminary,0,0,MoPH confirmation of 422535 - do not double count
422642,1,,2026-03-26,morning,بنت جبيل - صف الهوا,بنت جبيل (Bint Jbeil - Saf al-Hawa area),Bint Jbeil,Nabatieh,3,0,airstrike,unspecified,preliminary,0,0,second distinct Saf al-Hawa strike this study period - different date from 419162 (batch 4)
422645,1,,2026-03-26,,كفررمان - حي المعاقيل,كفررمان (Kfarremen),Bint Jbeil,Nabatieh,2,,airstrike,residential/commercial building,preliminary,0,0,update/confirmation in 422813 (2/8 injured)
422801,0,"General daily+cumulative toll bulletin (MoPH), not a single-incident report",,,,,,,,,,,,,,
422813,1,,2026-03-26,,كفررمان,كفررمان (Kfarremen),Bint Jbeil,Nabatieh,2,8,airstrike,residential/commercial building,preliminary,0,0,MoPH confirmation of 422645 - do not double count
422909,1,,2026-03-27,dawn,تحويطة الغدير,تحويطة الغدير (Tahwitat al-Ghadir),Baabda,Mount Lebanon,2,0,airstrike,unspecified,preliminary,0,0,
422925,1,,2026-03-27,,البزالية - شمال بعلبك,البزالية (Bzaaliyeh),Baalbek,Baalbek-Hermel,1,2,airstrike,residence,preliminary,0,0,victim identified as a pregnant woman carrying twins in update 422997
422950,1,,2026-03-27,,السكسكية,السكسكية (Al-Suksukiyeh),Sidon,South Lebanon,4,8,airstrike,populated residence,preliminary,0,0,"update in 423013 (two combined strikes, final: 6 incl. 3 children)"
422956,1,,2026-03-27,before noon,زوطر الشرقية,زوطر الشرقية (Zawtar al-Sharqiya),Nabatieh,Nabatieh,2,0,airstrike,residence,preliminary,0,0,fifth distinct Zawtar al-Sharqiya incident this study period - different date; article also mentions a second strike on open land and a Zawtar al-Gharbiya strike w/ no deaths
422994,0,"General daily+cumulative toll bulletin (MoPH), not a single-incident report",,,,,,,,,,,,,,
422997,1,,2026-03-27,,البزالية,البزالية (Bzaaliyeh),Baalbek,Baalbek-Hermel,1,7,airstrike,residence,preliminary,0,0,"detail/update to 422925 - same victim (pregnant woman w/ twins), not additive"
423013,1,,2026-03-27,,السكسكية,السكسكية (Al-Suksukiyeh),Sidon,South Lebanon,6,17,airstrike,populated residence,preliminary,0,0,"MoPH update to 422950 chain (two combined strikes: 4->6, incl. 3 children)"
423063,1,,2026-03-27,,الصرفند,الصرفند (Al-Sarafand),Sidon,South Lebanon,1,17,airstrike,unspecified,preliminary,0,0,
423086,1,,2026-03-27,past midnight,دوار كفرتبنيت - ارنون - النبطية,Kfartebnit-Arnoun-Nabatieh roundabout,Nabatieh,Nabatieh,2,,strike on responder post,"Islamic Health Authority point (medics, explicit)",preliminary,1,0,"event_date corrected from Mar 28 (publish date) to Mar 27 per explicit 'ليل الخميس-الجمعة' (Thu-Fri night) text - validation audit fix; this pushes it off 423091's Mar 28 date, so no longer treated as the same incident (previously merged as a likely-discrepant duplicate) - now standalone, flag for user review whether still related; article also covers Al-Dawir/Haroof/Kfarsir/Arabsalim strikes and Yohmor al-Shaqif/Arnoun shelling w/ no deaths given here"
423088,1,,2026-03-28,dawn,الحنية,الحنية (Al-Haniyeh),Tyre,South Lebanon,,,airstrike,unspecified,preliminary,0,1,"'between dead and wounded', all Syrian nationals, no number given; chain continues in 423103/423112/423276 (final: 7)"
423091,1,,2026-03-28,past midnight,كفرتبنيت,كفرتبنيت (Kfartebnit),Nabatieh,Nabatieh,1,4,strike on responder team,"civil defense/health ambulance (medic, explicit)",preliminary,0,0,"no retrospective-language marker in this article's own text, kept at its publish date (Mar 28); 423086 (previously treated as the same incident) has been re-dated to Mar 27 per validation audit - these are now standalone incidents, possibly the same underlying event reported a day apart by different sources, flag for user review"
423093,1,,2026-03-28,,حداثا,حداثا (Hidatha),Tyre,South Lebanon,1,0,drone strike,motorcycle,preliminary,0,0,article also covers Shamaa/Yatar/Tair Harfa/Shaqra strikes and western-sector artillery w/ no deaths given here
423095,1,,2026-03-28,,طريق زوطر الشرقية,Zawtar al-Sharqiya road,Nabatieh,Nabatieh,,,drone strike,"medics, Islamic Resalah Scouts (explicit)",preliminary,0,1,"plural 'martyrs', no number given"
423099,1,,2026-03-28,morning,دير الزهراني,دير الزهراني (Deir al-Zahrani),Zahrani,South Lebanon,,,airstrike,unspecified,preliminary,0,1,"plural 'martyrs', no number given; at least one identified by name in 423199 (soldier)"
423103,1,,2026-03-28,,الحنية,الحنية (Al-Haniyeh),Tyre,South Lebanon,,,airstrike,all Syrian nationals,preliminary,0,1,"continuation of the 423088 chain, still no firm number here; article also covers Beit Siyad/Al-Mansouri strikes and Qlaile artillery w/ no deaths given here"
423112,1,,2026-03-28,dawn,الحنية,الحنية (Al-Haniyeh),Tyre,South Lebanon,5,8,airstrike,unspecified,preliminary,0,0,quantifies the 423088/423103 chain (5 Syrian bodies recovered); further updated to 7 in 423276 (final); article also mentions Ain Qana cemetery-area drone strike and Kfarsir/Arnoun strikes w/ no deaths given here
423127,1,,2026-03-28,,طريق جزين - كفرحونة,Jezzine-Kfarhouneh road,Jezzine,South Lebanon,,,strike on vehicle,"car (Mercedes), incl. a woman",preliminary,0,1,"plural 'martyrs', no number given - likely the same strike detailed in 423138 (journalists killed, one of whom is a woman) - flag as probable duplicate, use 423138's fuller figure (4)"
423133,1,,2026-03-28,,العوينات بين رميش ودبل,Al-Awainat (between Rmeish and Debel),Bint Jbeil,Nabatieh,2,0,direct gunfire,civilian car (father + son),preliminary,1,0,"district uncertain (Rmeish/Debel border area), verify; distinct attack_type - small-arms fire, not airstrike/artillery/drone; article also mentions Yatar/Beit Yahoun strikes and an unexploded rocket on Maaraka w/ no deaths"
423138,1,,2026-03-28,,طريق جزين,طريق جزين (Jezzine road),Jezzine,South Lebanon,4,0,strike on vehicle,press/media vehicle (Al-Manar team),preliminary,0,0,"named: journalists Ali Shoeib (Al-Manar) and Fatima Fatouni (Al-Mayadeen) + 2 others; likely same incident as 423127 - do not double count, this is the fuller/more specific report"
423197,1,,2026-03-28,,طريق مدرسة الكوثر - كفرتبنيت,Kfartebnit (Kawthar school road),Nabatieh,Nabatieh,1,0,drone strike,unspecified,preliminary,1,0,article also mentions a separate Meifadoun strike w/ no deaths given
423199,1,,2026-03-28,,دير الزهراني,دير الزهراني (Deir al-Zahrani),Zahrani,South Lebanon,1,0,airstrike,"soldier, Lebanese Army (explicit)",preliminary,0,0,"Army eulogy naming Cpl. Mohammad Mufid Tfeili - the only quantified data point for 423099's otherwise vague 'martyrs' report, treated as contributing new information rather than pure commemoration"
423223,0,"General daily+cumulative toll bulletin (MoPH), not a single-incident report",,,,,,,,,,,,,,
423240,1,,2026-03-28,,معركة,معركة (Maaraka),Tyre,South Lebanon,1,1,airstrike,unspecified,preliminary,0,0,article also covers Habbariyeh/Ferdaws artillery and a Khiam strike w/ no deaths given here
423240b,1,,2026-03-28,,العيشية,العيشية (Al-Eishiyeh),Jezzine,South Lebanon,2,0,drone strike,unspecified,preliminary,0,0,same source article as 423240; split into own row (different town)
423270,1,,2026-03-28,,جويا,جويا (Joya),Tyre,South Lebanon,1,0,airstrike,unspecified,preliminary,0,0,"a further, distinct Joya incident this study period - different date from prior Joya strikes"
423276,1,,2026-03-28,,الحنية,الحنية (Al-Haniyeh),Tyre,South Lebanon,7,9,airstrike,unspecified,final,0,0,FINAL MoPH toll for the 423088/423103/423112 chain (6 Syrian incl. 1 child + 1 Lebanese)
423288,0,"Army eulogy identifying a death (Cpl. Fadl Abdullah Ayoub, Kfartebnit, 28/3) very likely already captured in 423197's Kfartebnit strike report - no new count",,,,,,,,,,,,,,
423304,1,,2026-03-28,,دير الزهراني,دير الزهراني (Deir al-Zahrani),Zahrani,South Lebanon,7,8,airstrike,unspecified,final,0,0,"MoPH final toll, quantifies the vague 423099 report; matches the soldier named in 423199"
423318,1,,2026-03-29,,جويا,جويا (Joya),Tyre,South Lebanon,2,3,airstrike,unspecified,preliminary,0,0,article also restates a 7-dead Al-Haniyeh toll that likely duplicates the March 28 final toll (423276) rather than being a new incident - not counted separately; also mentions Deb'aal/Batouliyeh/Deir Qanoun Ras al-Ain/Bayyada/Bint Jbeil activity w/ no new deaths given here
423331,1,,2026-03-29,,مستشفى بنت جبيل - محيط,بنت جبيل (Bint Jbeil - hospital area),Bint Jbeil,Nabatieh,,,strike on responder post,Islamic Health Authority center,preliminary,0,1,vague count ('info about deaths and injuries'); quantified in 423333 (2 medics); article also mentions a Deir Kifa health-center strike w/ no injuries
423333,1,,2026-03-29,,مستشفى بنت جبيل - محيط,بنت جبيل (Bint Jbeil - hospital area),Bint Jbeil,Nabatieh,2,0,strike on responder post,"2 medics, Islamic Health Authority (explicit)",preliminary,0,0,update/quantification of 423331
423335,1,,2026-03-29,,عبا,عبا (Aaba),Nabatieh,Nabatieh,2,0,airstrike,residence,preliminary,0,0,"distinct date from other Aaba incidents this study period; article also references damage to a Nabatieh city commercial center from a prior night's strike, no deaths given"
423421,1,,2026-03-29,,شقرا,شقرا (Shaqra),Bint Jbeil,Nabatieh,4,0,airstrike,unspecified,preliminary,0,0,during ongoing artillery shelling of the area; update in 423494 (5); article also mentions Tair Harfa shelling w/ no deaths
423422,1,,2026-03-29,,بنت جبيل (مدينة),بنت جبيل (Bint Jbeil city),Bint Jbeil,Nabatieh,1,0,strike on ambulance,medic (explicit),preliminary,0,0,"MoPH statement, possibly overlapping with the 423331/423333 Bint Jbeil hospital-area health-center strike (same day) - flag heavily for merge review re: whether additive to that 2-medic total or a distinct third"
423469,0,"General daily+cumulative toll bulletin (MoPH), not a single-incident report",,,,,,,,,,,,,,
423494,1,,2026-03-29,,شقرا,شقرا (Shaqra),Bint Jbeil,Nabatieh,5,2,airstrike,unspecified,preliminary,0,0,MoPH update to 423421 (4->5)
423495,0,Hezbollah statement describing its own attacks on Israeli forces at Maroun al-Ras/Qantara/Houla border areas - not an Israeli attack on Lebanon,,,,,,,,,,,,,,
423544,1,,2026-03-30,,برعشيت,برعشيت (Bar'ashit),Bint Jbeil,Nabatieh,1,1,airstrike,unspecified,preliminary,0,0,
423546,1,,2026-03-30,,حناويه,حناويه (Hanawiyeh),Tyre,South Lebanon,,,airstrike,unspecified,preliminary,0,1,"'a number of martyrs', no figure given; distinct date from the March 10 Hanawiyeh double-tap strike (419097, batch 4)"
423579,1,,2026-03-30,,حاجز العامرية - طريق القليلة - صور,Al-Aamriyeh checkpoint (Qlaile-Tyre road),Tyre,South Lebanon,1,,direct attack on military checkpoint,"soldier, Lebanese Army (explicit)",preliminary,0,0,"Army statement; detail/update in 423672 (same incident, 1 dead + 5 injured incl. an officer)"
423618,0,Hezbollah statement describing its own attacks on Israeli forces at Beit Lif/Tayibeh/Deir Siryan and a strike on Kiryat Shmona settlement - not an Israeli attack on Lebanon,,,,,,,,,,,,,,
423630,1,,2026-03-30,,الرحاب - الضاحية الجنوبية,"الرحاب (Al-Rihab, Beirut southern suburb)",Baabda,Mount Lebanon,1,17,airstrike,unspecified,preliminary,0,0,
423645,0,"General daily+cumulative toll bulletin (MoPH), not a single-incident report",,,,,,,,,,,,,,
423651,1,,2026-03-30,,بنت جبيل (مدينة) - السوق التجاري,بنت جبيل (Bint Jbeil city - market),Bint Jbeil,Nabatieh,4,0,airstrike,commercial market,preliminary,0,0,a further distinct Bint Jbeil city strike this study period - different date
423672,1,,2026-03-30,,حاجز العامرية - طريق القليلة - صور,Al-Aamriyeh checkpoint (Qlaile-Tyre road),Tyre,South Lebanon,1,5,direct attack on military checkpoint,soldier + officer among injured (explicit),preliminary,0,0,"Army statement, update/detail to 423579 - do not double count"
423676,0,Hezbollah statement describing its own attacks on Israeli forces (Merkava tanks) near Beit Lif/Ainata/Aytaroun road - not an Israeli attack on Lebanon,,,,,,,,,,,,,,
423679,1,,2026-03-30,,الشهابية,الشهابية (Al-Shihabiyeh),Tyre,South Lebanon,4,,airstrike,residence,preliminary,0,0,a further distinct Al-Shihabiyeh incident this study period - different date
423746,1,,2026-03-31,past midnight,عبا,عبا (Aaba),Nabatieh,Nabatieh,1,0,airstrike,residence,preliminary,0,0,named: Shadi Hassan Moallem; distinct date from 423335's Aaba strike; article also mentions Al-Dawir/Samouqa/Deir al-Zahrani strikes w/ no deaths given here
423788,1,,2026-03-31,,القاسمية,القاسمية (Qasimiyeh),Tyre,South Lebanon,2,0,drone strike,car (Rapid),preliminary,0,0,update/confirmation in 423796 (2/3 injured)
423788b,1,,2026-03-31,,دير كيفا,دير كيفا (Deir Kifa),Bint Jbeil,Nabatieh,2,0,airstrike,unspecified,preliminary,0,0,same source article as 423788; split into own row (different town) - distinct from 423331's earlier no-injury Deir Kifa health-center strike
423796,1,,2026-03-31,,القاسمية,القاسمية (Qasimiyeh),Tyre,South Lebanon,2,3,drone strike,car (Rapid),preliminary,0,0,MoPH confirmation of 423788 - do not double count; article also mentions a Qantara strike w/ no deaths given here
423850,1,,2026-03-31,,صريفا,صريفا (Srifa),Tyre,South Lebanon,2,3,airstrike,unspecified,preliminary,0,0,third distinct Srifa incident this study period - different date; update in 423952 (3/19 injured)
423900,0,Hezbollah statement describing an ambush/IED attack on an Israeli armored force in Beit Lif - not an Israeli attack on Lebanon,,,,,,,,,,,,,,
423940,1,,2026-03-31,evening,طريق عين المزراب - تبنين,Ain al-Mazraab road (Tibnine),Bint Jbeil,Nabatieh,1,0,drone strike,vehicle,preliminary,1,0,article also mentions Haroof/Bar'ashit strikes w/ no deaths given here
423948,1,,2026-03-31,,النجارية,النجارية (Najariyeh),Sidon,South Lebanon,5,,airstrike,residence,preliminary,0,1,'more than 5' per initial info; MoPH update 423955 gives a lower count (4) - flag discrepancy
423950,1,,2026-03-31,afternoon,جبشيت,جبشيت (Jbeshit),Nabatieh,Nabatieh,2,0,airstrike,residence,preliminary,0,0,named: Akram al-Ibrahimi + pregnant wife Alaa Naimi Bahmad
423950b,1,,2026-03-31,afternoon,كفرا,كفرا (Kfarra),Bint Jbeil,Nabatieh,2,0,airstrike,unspecified,preliminary,0,0,"same source article as 423950; split into own row (different town) - possibly overlaps with 423953's Kfarra responder-point strike (same day), flag for merge review"
423952,1,,2026-03-31,,صريفا,صريفا (Srifa),Tyre,South Lebanon,3,19,airstrike,unspecified,preliminary,0,0,MoPH update to 423850 (2->3)
423953,1,,2026-03-31,,كفرا,كفرا (Kfarra),Bint Jbeil,Nabatieh,1,2,strike on responder gathering point,"medic, Islamic Resalah Scouts (explicit)",preliminary,0,0,possibly the same or an overlapping strike as 423950b's 2-dead Kfarra report (same day) - flag heavily for merge review; +11 civilians injured
423955,1,,2026-03-31,,النجارية,النجارية (Najariyeh),Sidon,South Lebanon,4,,airstrike,residence,preliminary,0,0,"MoPH figure for 423948 chain, lower than the '5+' initial estimate - flag discrepancy; 2 of 4 dead are women"
423971,1,,2026-03-31,,أوتوستراد خلدة,خلدة (Khaldeh highway),Chouf,Mount Lebanon,2,0,strike on vehicle,car,preliminary,0,0,"district uncertain, verify; update/confirmation in 423973"
423973,1,,2026-03-31,,خلدة,خلدة (Khaldeh),Chouf,Mount Lebanon,2,3,strike on vehicle,car,preliminary,0,0,MoPH confirmation of 423971 - do not double count; article separately clarifies (fact-check) that no patient evacuation occurred at Al-Zahraa hospital re: an unrelated Jnah-area rumor - not an incident
423975,0,"Event occurred 2026-04-01, outside the study period (March 2-31); sitemap window was extended only to catch delayed reports of March events, not to add April incidents",,,,,,,,,,,,,,same incident as 424071 - both out of scope
424071,0,"Event occurred 2026-04-01, outside the study period (March 2-31)",,,,,,,,,,,,,,same incident as 423975 - both out of scope
424212,0,"Event occurred 2026-04-01, outside the study period (March 2-31)",,,,,,,,,,,,,,
424248,0,"Event occurred 2026-04-01, outside the study period (March 2-31)",,,,,,,,,,,,,,
424581,0,"Event occurred 2026-04-01 ('this afternoon', explicit in text), outside the study period (March 2-31)",,,,,,,,,,,,,,
424582,0,"General daily+cumulative toll bulletin (MoPH), not a single-incident report",,,,,,,,,,,,,,
424619,0,"Event occurred 2026-04-01, outside the study period (March 2-31)",,,,,,,,,,,,,,
424696,0,"Event occurred 2026-04-01, outside the study period (March 2-31)",,,,,,,,,,,,,,
428138,0,"Event occurred 2026-04-02 ('dawn today', explicit in text), outside the study period (March 2-31)",,,,,,,,,,,,,,
428397,0,MoPH toll for the same April 2 Al-Ramadiyeh strike as 428138's context - outside the study period (March 2-31),,,,,,,,,,,,,,
428709,0,"Event occurred 2026-04-02, outside the study period (March 2-31)",,,,,,,,,,,,,,
429452,0,"General daily+cumulative toll bulletin (MoPH), not a single-incident report",,,,,,,,,,,,,,
