location_day_id,location,event_date,status,confirming_url,confirmation_method,query_used,reason
LD-2026-03-03-قبريحا (Qabrikha),قبريحا (Qabrikha),2026-03-03,covered,https://www.dailysabah.com/world/mid-east/israeli-forces-kill-at-least-12-in-lebanon-strikes-ground-invasion,"alias match: ""qabrikha""","(""Qabrikha"" OR ""Kabrikha"") AND Lebanon","Confirmed via full-text fetch, base/generic query. alias match: ""qabrikha"""
LD-2026-03-04-عرمون / السعديات,عرمون / السعديات,2026-03-04,covered,https://www.9news.com.au/world/us-israel-attack-iran-country-by-country-here-is-how-the-unfolding-war-is-affecting-the-middle-east-and-beyond/f2073115-4157-431a-a658-b4a34b89a7ec,"alias match: ""aramoun""","(""Aramoun"" OR ""Aarammoune"" OR ""Saadiyat"" OR ""Saadiyate"") AND Lebanon","Confirmed via full-text fetch, base/generic query. alias match: ""aramoun"""
LD-2026-03-05-القليلة (Qlaile),القليلة (Qlaile),2026-03-05,uncovered,,,"(""Qlaile"" OR ""Klaile"" OR ""Qlayleh"") AND Lebanon","Zero results at D0-D3. Secondary D+7 indicator: 1 results (not confirmed to an article, informational only)."
LD-2026-03-04-بعلبك (Baalbek city),بعلبك (Baalbek city),2026-03-04,covered,https://www.bernama.com/en/news.php/?id=2531600,"alias match: ""baalbek""","(""Baalbek"" OR ""Baalbeck"") AND Lebanon AND (residential OR ""6 killed"" OR building OR airstrike)","Confirmed via full-text fetch, base/generic query. alias match: ""baalbek"""
LD-2026-03-05-الكفور (Kfour),الكفور (Kfour),2026-03-05,covered,https://www.bbc.com/news/articles/cj32750e7j6o,"alias match: ""kfour""","(""Kfour"" OR ""Kfor"" OR ""Al-Kfour"") AND Lebanon","Confirmed via full-text fetch, base/generic query. alias match: ""kfour"""
LD-2026-03-05-زوطر / كفرتبنيت,زوطر / كفرتبنيت,2026-03-05,unresolved,,,"(""Zawtar al-Sharqiya"" OR ""Zoutar el-Charkiyeh"" OR ""Zawtar al-Gharbiya"" OR ""Kfartebnit"" OR ""Kfar Tebnit"") AND Lebanon AND (strike OR airstrike OR raid OR killed OR attack OR shelling)","DOWNGRADED on duplicate-source audit: Confirming article is an Israeli army EVACUATION WARNING (""warns 4 villages to evacuate ahead of attack""), not a report that an attack occurred -- does not actually confirm this location-day's fatal event took place."
LD-2026-03-05-زوطر الشرقية (Zawtar al-Sharqiya),زوطر الشرقية (Zawtar al-Sharqiya),2026-03-05,unresolved,,,"(""Zawtar al-Sharqiya"" OR ""Zoutar el-Charkiyeh"" OR ""Zawtar East"" OR ""Zoutar Charkiye"") AND Lebanon",DOWNGRADED on duplicate-source audit: Same evacuation-warning-article issue as above; does not confirm an attack occurred.
LD-2026-03-05-كفررمان (Kfarremen),كفررمان (Kfarremen),2026-03-05,unresolved,,,"(""Kfarremen"" OR ""Kfar Remen"" OR ""Kfar Rumman"" OR ""Kfar Roummane"") AND Lebanon","DOWNGRADED on duplicate-source audit: Same Dawn article also confirms Khirbet Selm on Mar 7 (that location-day's own recorded NNA date); the article most plausibly describes Mar 7 events, not Mar 5. Confirmation kept on the Mar 7 Kfarremen row instead."
LD-2026-03-05-مشغرة (Mashghara),مشغرة (Mashghara),2026-03-05,covered,https://www.independent.co.uk/news/world/middle-east/us-iran-strikes-tehran-war-bombs-residents-b2933255.html,"alias match: ""mashghara""","(""Mashghara"" OR ""Machghara"") AND Lebanon","Confirmed via full-text fetch, base/generic query. alias match: ""mashghara"""
LD-2026-03-05-معركة (Maaraka),معركة (Maaraka),2026-03-05,uncovered,,,"(""Maaraka"" OR ""Maarakeh"" OR ""Maarake"") AND Lebanon AND (""family"" OR ""displaced"" OR ""airstrike"" OR ""present"")",Base query: no_nonlebanese_candidates. Fallback query: zero results.
LD-2026-03-06-الحنية (Al-Haniyeh),الحنية (Al-Haniyeh),2026-03-06,covered,https://www.aljazeera.com/features/2026/3/8/israels-mossad-relies-on-us-cover-and-security-rot-for-iran-strikes?traffic_source=rss,"alias match: ""haniyeh""","(""Haniyeh"" OR ""Haniye"" OR ""El-Haniyeh"") AND Lebanon","Confirmed via full-text fetch, base/generic query. alias match: ""haniyeh"""
LD-2026-03-06-السعيدة (Saaideh),السعيدة (Saaideh),2026-03-06,uncovered,,,"(""Saaideh"" OR ""Saaida"" OR ""Al-Saaideh"") AND Lebanon",Zero results at D0-D3.
LD-2026-03-06-المروانية (Marwaniyeh),المروانية (Marwaniyeh),2026-03-06,uncovered,,,"(""Marwaniyeh"" OR ""Marouaniye"" OR ""Al-Marwaniyeh"") AND Lebanon",Zero results at D0-D3.
LD-2026-03-06-الشياح (Chiyah),الشياح (Chiyah),2026-03-06,unresolved,,,"(""Chiyah"" OR ""Shiyah"" OR ""Al-Shiyah"" OR ""Mar Mikhael"" OR ""Mar Mikhail"") AND Lebanon","DOWNGRADED on duplicate-source audit: The confirming PBS/AP article (published Monday Mar 9) describes the Chiyah strike as happening that same Monday, i.e. Mar 9, not Mar 6."
LD-2026-03-06-بئر حسن (Bir Hassan),بئر حسن (Bir Hassan),2026-03-06,uncovered,,,"(""Bir Hassan"" OR ""Beer Hassan"") AND Lebanon",Zero results at D0-D3.
LD-2026-03-06-جبشيت (Jbeshit),جبشيت (Jbeshit),2026-03-06,uncovered,,,"(""Jbeshit"" OR ""Jbaachit"" OR ""Jbchit"") AND Lebanon",Zero results at D0-D3.
LD-2026-03-06-صيدا (Sidon),صيدا (Sidon),2026-03-06,uncovered,,,"(""Sidon"" OR ""Saida"") AND Lebanon AND (""Al-Maqassed"" OR ""5 killed"")",Zero results at D0-D3.
LD-2026-03-07-Sharqiya/Kawthariyet al-Sayad road,Sharqiya/Kawthariyet al-Sayad road,2026-03-07,covered,https://www.bbc.com/swahili/live/c9dn3xwg1vdt,"alias match: ""sharqiya""","(""Sharqiya"" OR ""Charkiyeh"" OR ""Kawthariyet al-Sayad"" OR ""Kaouthariyet el-Siyad"") AND Lebanon","Confirmed via full-text fetch, base/generic query. alias match: ""sharqiya"""
LD-2026-03-07-النبي شيت (Nabi Chit/Nabi Sheet),النبي شيت (Nabi Chit/Nabi Sheet),2026-03-07,covered,https://www.npr.org/2026/03/10/g-s1-113081/photos-iran-us-israel-war-middle-east-week-2,"alias match: ""nabi chit""","(""Nabi Chit"" OR ""Nabi Sheet"" OR ""Nabi Shit"") AND Lebanon","Confirmed via full-text fetch, base/generic query. alias match: ""nabi chit"""
LD-2026-03-07-جبال البطم (Jabal al-Botm),جبال البطم (Jabal al-Botm),2026-03-07,uncovered,,,"(""Jabal al-Botm"" OR ""Jabal el-Botom"") AND Lebanon",Zero results at D0-D3.
LD-2026-03-07-جبشيت (Jbeshit),جبشيت (Jbeshit),2026-03-07,uncovered,,,"(""Jbeshit"" OR ""Jbaachit"" OR ""Jbchit"") AND Lebanon",Zero results at D0-D3.
LD-2026-03-07-خربة سلم (Khirbet Selm),خربة سلم (Khirbet Selm),2026-03-07,covered,https://www.dawn.com/news/1979651/israeli-strikes-on-south-lebanon-kill-eight-ministry,"alias match: ""kherbet selm""","(""Khirbet Selm"" OR ""Khirbet Silm"" OR ""Kherbet Selm"") AND Lebanon","Confirmed via full-text fetch, base/generic query. alias match: ""kherbet selm"""
LD-2026-03-07-صريفا (Srifa),صريفا (Srifa),2026-03-07,covered,https://www.bernama.com/en/news.php/?id=2532785,"alias match: ""sarifa""","(""Srifa"" OR ""Sreifa"" OR ""Sarifa"") AND Lebanon","Confirmed via full-text fetch, base/generic query. alias match: ""sarifa"""
LD-2026-03-07-كفرتبنيت (Kfartebnit),كفرتبنيت (Kfartebnit),2026-03-07,uncovered,,,"(""Kfartebnit"" OR ""Kfar Tebnit"" OR ""Kfartibnit"") AND Lebanon","Zero results at D0-D3. Secondary D+7 indicator: 1 results (not confirmed to an article, informational only)."
LD-2026-03-07-كفررمان (Kfarremen),كفررمان (Kfarremen),2026-03-07,covered,https://www.dawn.com/news/1979651/israeli-strikes-on-south-lebanon-kill-eight-ministry,"alias match: ""kfar rumman""","(""Kfarremen"" OR ""Kfar Remen"" OR ""Kfar Rumman"" OR ""Kfar Roummane"") AND Lebanon","Confirmed via full-text fetch, base/generic query. alias match: ""kfar rumman"""
LD-2026-03-07-كوثرية الرز (Kawthariyet al-Rez),كوثرية الرز (Kawthariyet al-Rez),2026-03-07,uncovered,,,"(""Kawthariyet al-Rez"" OR ""Kaouthariyet el-Rez"" OR ""Kawtharieh"") AND Lebanon",Zero results at D0-D3.
LD-2026-03-08-الروشة (Raouche),الروشة (Raouche),2026-03-08,covered,https://dawatmedia24.com/world/iran-says-four-diplomats-killed-in-israeli-strike-in-beirut-vows-accountability/,"alias match: ""raouche""","(""Raouche"" OR ""Rawshe"" OR ""Rawcheh"" OR ""Al-Rawsheh"") AND Lebanon","Confirmed via full-text fetch, base/generic query. alias match: ""raouche"""
LD-2026-03-08-الشعيتية (Al-Shaitiyeh),الشعيتية (Al-Shaitiyeh),2026-03-08,uncovered,,,"(""Shaitiyeh"" OR ""Chaytiyeh"" OR ""Al-Shaitiyeh"") AND Lebanon",Zero results at D0-D3.
LD-2026-03-08-الغازية (Ghazieh),الغازية (Ghazieh),2026-03-08,uncovered,,,"(""Ghazieh"" OR ""Ghaziyeh"" OR ""Al-Ghazieh"") AND Lebanon","Zero results at D0-D3. Secondary D+7 indicator: 2 results (not confirmed to an article, informational only)."
LD-2026-03-08-الدوير (Al-Dawir),الدوير (Al-Dawir),2026-03-08,covered,https://www.bernama.com/en/news.php/?id=2532021,"title casualty match: ""6 killed""","(""Dawir"" OR ""Douair"" OR ""Ed-Doueir"" OR ""Al-Dawir"") AND Lebanon","Confirmed via full-text fetch, base/generic query. title casualty match: ""6 killed"""
LD-2026-03-07-ميفدون (Meifadoun),ميفدون (Meifadoun),2026-03-07,uncovered,,,"(""Meifadoun"" OR ""Meifdoun"" OR ""Meifadoune"") AND Lebanon",Zero results at D0-D3.
LD-2026-03-08-تبنين (Tibnine),تبنين (Tibnine),2026-03-08,unresolved,,,"(""Tibnine"" OR ""Tebnine"" OR ""Tibnin"") AND Lebanon","DOWNGRADED on duplicate-source audit: Same confirming URL (Dawn, generic ""8 killed"" headline) was auto-matched to two different Tibnine dates (Mar 8 and Mar 9) with no date-specific text distinguishing them; downgraded both pending manual date verification."
LD-2026-03-08-صير الغربية (Sir al-Gharbiyeh),صير الغربية (Sir al-Gharbiyeh),2026-03-08,covered,https://www.antiwar.com/blog/2026/03/10/10-classrooms-full-of-children-us-israeli-war-kills-hundreds-of-iranian-lebanese-kids/,"alias match: ""sir el-gharbiyeh""","(""Sir al-Gharbiyeh"" OR ""Seer al-Gharbiye"" OR ""Sir el-Gharbiyeh"") AND Lebanon","Confirmed via full-text fetch, base/generic query. alias match: ""sir el-gharbiyeh"""
LD-2026-03-08-علما الشعب (Alma al-Shaab),علما الشعب (Alma al-Shaab),2026-03-08,covered,https://es.zenit.org/2026/03/11/libano-pide-la-mediacion-diplomatica-del-vaticano-para-que-israel-no-ataque-ni-desplace-comunidades-catolicas-al-sur-del-pais/,"alias match: ""alma al-shaab""","(""Alma al-Shaab"" OR ""Alma ech-Chaab"" OR ""Alma al-Chaab"") AND Lebanon","Confirmed via full-text fetch, base/generic query. alias match: ""alma al-shaab"""
LD-2026-03-08-قانا (Qana),قانا (Qana),2026-03-08,unresolved,,,"(""Qana"" OR ""Cana"" OR ""Kana"") AND Lebanon",DOWNGRADED on duplicate-source audit: Confirming source (a Times of India article about Iran warning US tech firms) is unrelated to Lebanon strikes; automated keyword match was spurious.
LD-2026-03-08-يحمر الشقيف (Yohmor al-Shaqif),يحمر الشقيف (Yohmor al-Shaqif),2026-03-08,covered,https://www.nbcnews.com/world/middle-east/iran-war-israel-lebanon-hezbollah-displacement-crisis-middle-east-rcna262894,"alias match: ""yohmor""","(""Yohmor al-Shaqif"" OR ""Yuhmur al-Shaqif"" OR ""Yohmor"") AND Lebanon","Confirmed via full-text fetch, base/generic query. alias match: ""yohmor"""
LD-2026-03-08-تفاحتا (Tfahta),تفاحتا (Tfahta),2026-03-08,uncovered,,,"(""Tfahta"" OR ""Tafahta"") AND Lebanon",Zero results at D0-D3.
LD-2026-03-08-عيتيت (Aitit),عيتيت (Aitit),2026-03-08,covered,https://www.radiohc.cu/ataque-aereo-de-israel-al-libano-masacro-a-los-20-miembros-de-una-familia/,"alias match: ""aytit""","(""Aitit"" OR ""Aytit"" OR ""Ayteet"") AND Lebanon","Confirmed via full-text fetch, base/generic query. alias match: ""aytit"""
LD-2026-03-09-الضاحية الجنوبية (Beirut southern suburb/Dahiye),الضاحية الجنوبية (Beirut southern suburb/Dahiye),2026-03-09,covered,https://world.kbs.co.kr/service/news_view.htm?lang=v&Seq_Code=69706,"alias match: ""dahieh""","(""Dahiyeh"" OR ""Dahieh"" OR ""Dahiya"" OR ""Beirut southern suburb"") AND Lebanon","Confirmed via full-text fetch, base/generic query. alias match: ""dahieh"""
LD-2026-03-09-الطيري (Al-Tiri),الطيري (Al-Tiri),2026-03-09,uncovered,,,"base: (""Tiri"" OR ""Al-Tiri"" OR ""Et-Tiri"") AND Lebanon | fallback: (""Tiri"" OR ""Al-Tiri"" OR ""Et-Tiri"") AND Lebanon AND (""drone"" OR ""strike"")","RECLASSIFIED (QA rule): every result in both base and fallback queries was examined (all result sets were small, well under the 10-item inspection cap -- confirmed via true story_count) and all were Lebanese-domestic outlets, so none can count as international confirmation. Full set examined -> uncovered, not unresolved. Base query: no_nonlebanese_candidates. Fallback query: no_nonlebanese_candidates. Results existed but none confirmed among fetchable non-Lebanese candidates (or all fetches failed)."
LD-2026-03-09-Bint Jbeil-Aytaroun road,Bint Jbeil-Aytaroun road,2026-03-09,covered,https://news.un.org/en/story/2026/03/1167120,"alias match: ""bint jbeil""","(""Bint Jbeil"" OR ""Bint Jbail"" OR ""Aytaroun"" OR ""Aitaroun"") AND Lebanon","Confirmed via full-text fetch, base/generic query. alias match: ""bint jbeil"""
LD-2026-03-09-بيت ليف (Beit Lif),بيت ليف (Beit Lif),2026-03-09,uncovered,,,"(""Beit Lif"" OR ""Beit Leef"") AND Lebanon AND (""airstrike"")",Base query: no_nonlebanese_candidates. Fallback query: zero results.
LD-2026-03-09-تبنين (Tibnine),تبنين (Tibnine),2026-03-09,unresolved,,,"(""Tibnine"" OR ""Tebnine"" OR ""Tibnin"") AND Lebanon",DOWNGRADED on duplicate-source audit: See Mar 8 Tibnine row -- same duplicate-source issue.
LD-2026-03-09-جويا (Joya),جويا (Joya),2026-03-09,unresolved,,,"(""Joya"" OR ""Jouaiya"" OR ""Jwaya"") AND Lebanon","DOWNGRADED on duplicate-source audit: Confirming source (rediff.com, ""Iran says 37th wave of attacks launched against Israel"") is about the Iran-Israel front, not Lebanon; spurious automated match."
LD-2026-03-09-طير دبا (Tair Debba),طير دبا (Tair Debba),2026-03-09,covered,https://www.aa.com.tr/en/middle-east/16-killed-dozens-injured-in-israeli-strikes-in-southern-lebanon/3856510,"alias match: ""tayr debba""","(""Tair Debba"" OR ""Tayr Debba"" OR ""Teir Debba"") AND Lebanon","Confirmed via full-text fetch, base/generic query. alias match: ""tayr debba"""
LD-2026-03-09-كفرتبنيت (Kfartebnit),كفرتبنيت (Kfartebnit),2026-03-09,uncovered,,,"(""Kfartebnit"" OR ""Kfar Tebnit"" OR ""Kfartibnit"") AND Lebanon","Zero results at D0-D3. Secondary D+7 indicator: 1 results (not confirmed to an article, informational only)."
LD-2026-03-09-شوكين (Shawkin),شوكين (Shawkin),2026-03-09,uncovered,,,"(""Shawkin"" OR ""Chaoukine"") AND Lebanon",Zero results at D0-D3.
LD-2026-03-10-الأوزاعي (Ouzai),الأوزاعي (Ouzai),2026-03-10,uncovered,,,"(""Ouzai"" OR ""Ouzai"" OR ""Awzai"" OR ""Al-Ouzai"") AND Lebanon",Zero results at D0-D3.
LD-2026-03-10-جويا (Joya),جويا (Joya),2026-03-10,unresolved,,,"(""Joya"" OR ""Jouaiya"" OR ""Jwaya"") AND Lebanon",DOWNGRADED on duplicate-source audit: Same unrelated source as the Mar 9 Joya row; both downgraded.
LD-2026-03-10-حناويه (Hanawiyeh),حناويه (Hanawiyeh),2026-03-10,uncovered,,,"(""Hanawiyeh"" OR ""Hanawiye"") AND Lebanon",Zero results at D0-D3.
LD-2026-03-10-القليلة (Qlaile),القليلة (Qlaile),2026-03-10,uncovered,,,"base: (""Qlaile"" OR ""Klaile"" OR ""Qlayleh"") AND Lebanon | fallback: (""Qlaile"" OR ""Klaile"" OR ""Qlayleh"") AND Lebanon AND (""vehicle"" OR ""drone"" OR ""strike"")","RECLASSIFIED (QA rule): every result in both base and fallback queries was examined (all result sets were small, well under the 10-item inspection cap -- confirmed via true story_count) and all were Lebanese-domestic outlets, so none can count as international confirmation. Full set examined -> uncovered, not unresolved. Base query: no_nonlebanese_candidates. Fallback query: no_nonlebanese_candidates. Results existed but none confirmed among fetchable non-Lebanese candidates (or all fetches failed)."
LD-2026-03-10-قانا (Qana),قانا (Qana),2026-03-10,unresolved,,,"(""Qana"" OR ""Cana"" OR ""Kana"") AND Lebanon",DOWNGRADED on duplicate-source audit: Same unrelated source as the Mar 8 Qana row; both downgraded.
LD-2026-03-10-قلاويه (Qalawiyeh),قلاويه (Qalawiyeh),2026-03-10,uncovered,,,"(""Qalawiyeh"" OR ""Qalaouiye"" OR ""Kalawiye"") AND Lebanon","Zero results at D0-D3. Secondary D+7 indicator: 16 results (not confirmed to an article, informational only)."
LD-2026-03-10-كفرجوز (Kfarjouz),كفرجوز (Kfarjouz),2026-03-10,covered,https://www.bernama.com/en/news.php/?id=2532904,"alias match: ""kfarjouz""","(""Kfarjouz"" OR ""Kfar Jouz"" OR ""Kafr Jouz"") AND Lebanon","Confirmed via full-text fetch, base/generic query. alias match: ""kfarjouz"""
LD-2026-03-11-Habbouch-Arabsalim area,Habbouch-Arabsalim area,2026-03-11,unresolved,,,"(""Habbouch"" OR ""Habboush"" OR ""Arabsalim"" OR ""Arab Salim"") AND Lebanon","DOWNGRADED on 30-sample QA audit: AUDIT (multi-URL group check): confirming URL (The Guardian, ""Entire families wiped out..."") verified in full text -- does not mention Habbouch or Arabsalim anywhere. False positive."
LD-2026-03-11-الشرقية (Sharqiya),الشرقية (Sharqiya),2026-03-11,uncovered,,,"(""Sharqiya village"" OR ""Charkiyeh"") AND Lebanon AND (strike OR airstrike OR raid OR killed OR attack OR shelling)",Zero results at D0-D3.
LD-2026-03-11-النبطية (Nabatieh city),النبطية (Nabatieh city),2026-03-11,covered,https://www.theguardian.com/world/2026/mar/14/lebanon-israel-hezbollah-war-deaths,"alias match: ""nabatieh""","(""Nabatieh"" OR ""Nabatiyeh"") AND Lebanon AND (drone OR ""1 killed"")","Confirmed via full-text fetch, base/generic query. alias match: ""nabatieh"""
LD-2026-03-11-برعشيت (Bar'ashit),برعشيت (Bar'ashit),2026-03-11,uncovered,,,"(""Bar'ashit"" OR ""Baraachit"" OR ""Bir'ashit"") AND Lebanon",Zero results at D0-D3.
LD-2026-03-11-برج الشمالي (Burj al-Shamali),برج الشمالي (Burj al-Shamali),2026-03-11,uncovered,,,"(""Burj al-Shamali"" OR ""Bourj el-Chemali"" OR ""Burj Shemali"") AND Lebanon","Zero results at D0-D3. Secondary D+7 indicator: 18 results (not confirmed to an article, informational only)."
LD-2026-03-11-الشهابية (Al-Shihabiyeh),الشهابية (Al-Shihabiyeh),2026-03-11,covered,https://www.bernama.com/en/news.php/?id=2533218,"alias match: ""chehabiyeh"" (QA fix -- alias was missing from original query)","(""Shihabiyeh"" OR ""Chihabiyeh"" OR ""Al-Shihabiyeh"" OR ""Chehabiyeh"") AND Lebanon","QA CORRECTION (high-casualty uncovered review): original alias list did not include ""Chehabiyeh"", the spelling actually used by BERNAMA (citing Anadolu Ajansi): ""Six people were killed and seven others wounded in an Israeli strike on Chehabiyeh in Tyre"" -- matches this location-day (7 deaths) and is published same-day (Mar 11). Alias list corrected; re-run with fixed alias found this non-Lebanese confirmation within the D0-D3 window."
LD-2026-03-11-بنت جبيل (Bint Jbeil city),بنت جبيل (Bint Jbeil city),2026-03-11,unresolved,,,"(""Bint Jbeil"" OR ""Bint Jbail"" OR ""Bent Jbeil"") AND Lebanon","DOWNGRADED on 30-sample QA audit: AUDIT (multi-URL group check): confirming URL (aa.com.tr ""29 killed..."") mentions Bint Jbeil only as the administrative district containing Burj Qalaouiyah (a separately-recorded location-day) -- does not describe an attack on Bint Jbeil city itself."
LD-2026-03-11-تمنين التحتا (Tamnin al-Tahta),تمنين التحتا (Tamnin al-Tahta),2026-03-11,covered,https://www.hindustantimes.com/world-news/us-news/israel-strikes-central-beirut-as-lebanon-death-toll-tops-630-101773253948214.html,"alias match: ""tamnin al-tahta""","(""Tamnin al-Tahta"" OR ""Temnine el-Tahta"" OR ""Tamnine"") AND Lebanon","Confirmed via full-text fetch, base/generic query. alias match: ""tamnin al-tahta"""
LD-2026-03-11-بنت جبيل (Bint Jbeil),بنت جبيل (Bint Jbeil),2026-03-11,unresolved,,,"(""Bint Jbeil"" OR ""Bint Jbail"" OR ""Bent Jbeil"") AND Lebanon","DOWNGRADED on 30-sample QA audit: AUDIT (multi-URL group check): same aa.com.tr source and same issue as the ""Bint Jbeil city"" Mar 11 row -- district-reference only, not a confirmed attack on Bint Jbeil itself."
LD-2026-03-11-دير أنطار (Deir Antar),دير أنطار (Deir Antar),2026-03-11,unresolved,,,"(""Deir Antar"" OR ""Dayr Antar"") AND Lebanon","DOWNGRADED on duplicate-source audit: Confirming article's own title is about a strike on ""the Lebanese capital"" (Beirut), an apparent topic mismatch with this rural Nabatieh-district location-day; also duplicated across two different Deir Antar dates (Mar 11, Mar 12) with no distinguishing text. Downgraded pending verification."
LD-2026-03-11-تبنين (Tibnine),تبنين (Tibnine),2026-03-11,covered,https://www.bernama.com/en/news.php/?id=2533218,"alias match: ""tebnine""","(""Tibnine"" OR ""Tebnine"" OR ""Tibnin"") AND Lebanon","Confirmed via full-text fetch, base/generic query. alias match: ""tebnine"""
LD-2026-03-11-شقرا (Shaqra),شقرا (Shaqra),2026-03-11,covered,https://www.irishtimes.com/world/middle-east/2026/03/12/the-children-are-afraid-beiruts-southern-suburbs-reel-under-relentless-air-strikes/,"alias match: ""shakra""","(""Shaqra"" OR ""Chaqra"" OR ""Shakra"") AND Lebanon","Confirmed via full-text fetch, base/generic query. alias match: ""shakra"""
LD-2026-03-11-زلايا (Zalaya),زلايا (Zalaya),2026-03-11,covered,https://dailypost.ng/2026/03/11/israeli-airstrike-damages-residential-building-in-central-beirut/,"alias match: ""zalaya""","(""Zalaya"" OR ""Zellaya"") AND Lebanon","Confirmed via full-text fetch, base/generic query. alias match: ""zalaya"""
LD-2026-03-11-كفرتبنيت (Kfartebnit),كفرتبنيت (Kfartebnit),2026-03-11,uncovered,,,"base: (""Kfartebnit"" OR ""Kfar Tebnit"" OR ""Kfartibnit"") AND Lebanon | fallback: (""Kfartebnit"" OR ""Kfar Tebnit"" OR ""Kfartibnit"") AND Lebanon AND (""airstrike"" OR ""medic"" OR ""Islamic"" OR ""Health"" OR ""explicitly"" OR ""Authority"")","RECLASSIFIED (QA rule): every result in both base and fallback queries was examined (all result sets were small, well under the 10-item inspection cap -- confirmed via true story_count) and all were Lebanese-domestic outlets, so none can count as international confirmation. Full set examined -> uncovered, not unresolved. Base query: no_nonlebanese_candidates. Fallback query: no_nonlebanese_candidates. Results existed but none confirmed among fetchable non-Lebanese candidates (or all fetches failed)."
LD-2026-03-12-النبطية الفوقا (Nabatieh al-Fawqa),النبطية الفوقا (Nabatieh al-Fawqa),2026-03-12,unresolved,,,"(""Nabatieh al-Fawqa"" OR ""Nabatiyeh el-Fawqa"" OR ""Upper Nabatieh"") AND Lebanon",DOWNGRADED on duplicate-source audit: Same suspect group as above; downgraded pending verification.
LD-2026-03-11-معركة (Maaraka junction),معركة (Maaraka junction),2026-03-11,uncovered,,,"(""Maaraka"" OR ""Maarakeh"" OR ""Maarake"") AND Lebanon",Zero results at D0-D3.
LD-2026-03-12-بنت جبيل (Bint Jbeil),بنت جبيل (Bint Jbeil),2026-03-12,unresolved,,,"(""Bint Jbeil"" OR ""Bint Jbail"" OR ""Bent Jbeil"") AND Lebanon","DOWNGRADED on 30-sample QA audit: AUDIT (multi-URL group check): same aa.com.tr source and same issue -- district-reference only, not a confirmed attack on Bint Jbeil itself."
LD-2026-03-12-باريش (Barish),باريش (Barish),2026-03-12,uncovered,,,"(""Barish"" OR ""Barich"") AND Lebanon AND (""airstrike"")",Base query: not_confirmed. Fallback query: zero results.
LD-2026-03-12-عرمون (Aramoun),عرمون (Aramoun),2026-03-12,covered,https://www.dawn.com/news/1981537/strike-on-beirut-kills-12-after-israels-land-grab-threat,"alias match: ""aramoun""","(""Aramoun"" OR ""Aarammoune"") AND Lebanon","Confirmed via full-text fetch, base/generic query. alias match: ""aramoun"""
LD-2026-03-12-معركة البص (Maaraka al-Bass junction),معركة البص (Maaraka al-Bass junction),2026-03-12,uncovered,,,"(""Maaraka al-Bass"" OR ""El Buss"" OR ""Al-Bass camp"" OR ""Maaraka"") AND Lebanon","Zero results at D0-D3. Secondary D+7 indicator: 1 results (not confirmed to an article, informational only)."
LD-2026-03-12-دير أنطار (Deir Antar),دير أنطار (Deir Antar),2026-03-12,unresolved,,,"(""Deir Antar"" OR ""Dayr Antar"") AND Lebanon",DOWNGRADED on duplicate-source audit: See Mar 11 Deir Antar row -- same issues.
LD-2026-03-13-الصوانة (Al-Sawwaneh),الصوانة (Al-Sawwaneh),2026-03-13,covered,https://www.sbs.com.au/news/article/kharg-island-hit-in-one-of-the-most-powerful-bombing-raids-in-the-history-of-the-middle-east/tzdbke2co,"alias match: ""sawaneh""","(""Sawwaneh"" OR ""Sawaneh"" OR ""Al-Sawwaneh"") AND Lebanon","Confirmed via full-text fetch, base/generic query. alias match: ""sawaneh"""
LD-2026-03-13-الغازية (Ghazieh),الغازية (Ghazieh),2026-03-13,unresolved,,,"(""Ghazieh"" OR ""Ghaziyeh"" OR ""Al-Ghazieh"") AND Lebanon","DOWNGRADED on 30-sample QA audit: AUDIT (30-sample check): confirming URL (smh.com.au feature) does not mention Ghazieh anywhere in its full text (verified, article discusses Yohmor al-Shaqif and al-Najdah Hospital, not Ghazieh). False positive."
LD-2026-03-13-النبطية (Nabatieh city),النبطية (Nabatieh city),2026-03-13,covered,https://www.aa.com.tr/en/middle-east/7-killed-including-2-medics-in-israeli-airstrikes-in-southern-lebanon/3866695,"title casualty match: ""7 killed""","(""Nabatieh"" OR ""Nabatiyeh"") AND Lebanon AND (""Al-Rahibat"" OR ""7 killed"")","Confirmed via full-text fetch, base/generic query. title casualty match: ""7 killed"""
LD-2026-03-13-الفوار (Al-Fawwar),الفوار (Al-Fawwar),2026-03-13,covered,https://www.aljazeera.com/news/2026/3/13/israel-destroys-bridge-in-lebanon-and-threatens-gaza-scale-devastation?traffic_source=rss,"alias match: ""fawwar""","(""Fawwar"" OR ""Al-Fawwar"" OR ""Fawar"") AND Lebanon","Confirmed via full-text fetch, base/generic query. alias match: ""fawwar"""
LD-2026-03-13-بنت جبيل (Bint Jbeil city),بنت جبيل (Bint Jbeil city),2026-03-13,covered,https://www.straitstimes.com/world/middle-east/israel-expands-its-ground-campaign-in-southern-lebanon,"alias match: ""bint jbeil""","(""Bint Jbeil"" OR ""Bint Jbail"" OR ""Bent Jbeil"") AND Lebanon","Confirmed via full-text fetch, base/generic query. alias match: ""bint jbeil"""
LD-2026-03-13-شبعا (Shebaa),شبعا (Shebaa),2026-03-13,uncovered,,,"base: (""Shebaa"" OR ""Chebaa"" OR ""Shabaa"") AND Lebanon | fallback: (""Shebaa"" OR ""Chebaa"" OR ""Shabaa"") AND Lebanon AND (""drone"" OR ""strike"")","RECLASSIFIED (QA rule): every result in both base and fallback queries was examined (all result sets were small, well under the 10-item inspection cap -- confirmed via true story_count) and all were Lebanese-domestic outlets, so none can count as international confirmation. Full set examined -> uncovered, not unresolved. Base query: no_nonlebanese_candidates. Fallback query: no_nonlebanese_candidates. Results existed but none confirmed among fetchable non-Lebanese candidates (or all fetches failed)."
LD-2026-03-13-برج قلاويه (Burj Qalawiyeh),برج قلاويه (Burj Qalawiyeh),2026-03-13,covered,https://news.antiwar.com/2026/03/15/who-condemns-israeli-attacks-on-lebanese-health-care-workers-that-have-killed-at-least-31/?utm_source=rss&utm_medium=rss&utm_campaign=who-condemns-israeli-attacks-on-lebanese-health-care-workers-that-have-killed-at-least-31,"alias match: ""burj qalawiyeh""","(""Burj Qalawiyeh"" OR ""Bourj Qalaouiye"" OR ""Burj Kalaouiyeh"") AND Lebanon","Confirmed via full-text fetch, base/generic query. alias match: ""burj qalawiyeh"""
LD-2026-03-13-طريق الشعيتية (Al-Shaitiyeh road),طريق الشعيتية (Al-Shaitiyeh road),2026-03-13,uncovered,,,"(""Shaitiyeh"" OR ""Chaytiyeh"") AND Lebanon",Zero results at D0-D3.
LD-2026-03-13-ياطر (Yatar),ياطر (Yatar),2026-03-13,covered,https://news.un.org/en/story/2026/03/1167136,"alias match: ""yatar""","(""Yatar"" OR ""Yater"") AND Lebanon","Confirmed via full-text fetch, base/generic query. alias match: ""yatar"""
LD-2026-03-14-القطراني (Qatrani),القطراني (Qatrani),2026-03-14,covered,https://dunyanews.tv/en/World/940757-israel-launches-fresh-strike-on-south-beirut,"alias match: ""qatrani""","(""Qatrani"" OR ""Katrani"" OR ""Al-Qatrani"") AND Lebanon","Confirmed via full-text fetch, base/generic query. alias match: ""qatrani"""
LD-2026-03-14-القنطرة (Qantara),القنطرة (Qantara),2026-03-14,covered,https://www.bbc.com/news/articles/clyz78kgp22o,"alias match: ""qantara""","(""Qantara"" OR ""Kantara"" OR ""Al-Qantara"") AND Lebanon","Confirmed via full-text fetch, base/generic query. alias match: ""qantara"""
LD-2026-03-14-النبعة (Nabaa),النبعة (Nabaa),2026-03-14,covered,https://www.dawn.com/news/1982247/israeli-strike-kills-12-lebanon-medics-amid-peace-push,"alias match: ""nabaa""","(""Nabaa"" OR ""Naba"" OR ""El-Nabaa"" OR ""Bourj Hammoud"") AND Lebanon","Confirmed via full-text fetch, base/generic query. alias match: ""nabaa"""
LD-2026-03-14-حارة صيدا (Harit Saida),حارة صيدا (Harit Saida),2026-03-14,covered,https://www.bernama.com/en/news.php/?id=2534689,"alias match: ""haret saida""","(""Harit Saida"" OR ""Haret Saida"" OR ""Hara Saida"") AND Lebanon","Confirmed via full-text fetch, base/generic query. alias match: ""haret saida"""
LD-2026-03-14-مجدل سلم (Majdal Selem),مجدل سلم (Majdal Selem),2026-03-14,uncovered,,,"(""Majdal Selem"" OR ""Majdal Silm"" OR ""Majdel Selm"") AND Lebanon",Zero results at D0-D3.
LD-2026-03-14-برج قلاويه (Burj Qalawiyeh),برج قلاويه (Burj Qalawiyeh),2026-03-14,unresolved,,,"(""Burj Qalawiyeh"" OR ""Bourj Qalaouiye"" OR ""Burj Kalaouiyeh"") AND Lebanon","DOWNGRADED on duplicate-source audit: The confirming antiwar.com article explicitly describes ""a late Friday attack"" -- Mar 13 is the Friday in this date range (Mar 2 = Monday), not Mar 14. Confirmation kept on the Mar 13 row instead."
LD-2026-03-15-طريق النبطية الفوقا (Nabatieh al-Fawqa road),طريق النبطية الفوقا (Nabatieh al-Fawqa road),2026-03-15,uncovered,,,"(""Nabatieh al-Fawqa"" OR ""Nabatiyeh el-Fawqa"") AND Lebanon","Zero results at D0-D3. Secondary D+7 indicator: 2 results (not confirmed to an article, informational only)."
LD-2026-03-15-عيتيت (Aitit),عيتيت (Aitit),2026-03-15,uncovered,,,"base: (""Aitit"" OR ""Aytit"" OR ""Ayteet"") AND Lebanon | fallback: (""Aitit"" OR ""Aytit"" OR ""Ayteet"") AND Lebanon AND (""airstrike"")","RECLASSIFIED (QA rule): every result in both base and fallback queries was examined (all result sets were small, well under the 10-item inspection cap -- confirmed via true story_count) and all were Lebanese-domestic outlets, so none can count as international confirmation. Full set examined -> uncovered, not unresolved. Base query: no_nonlebanese_candidates. Fallback query: no_nonlebanese_candidates. Results existed but none confirmed among fetchable non-Lebanese candidates (or all fetches failed)."
LD-2026-03-15-مجدل سلم (Majdal Selem),مجدل سلم (Majdal Selem),2026-03-15,uncovered,,,"(""Majdal Selem"" OR ""Majdal Silm"" OR ""Majdel Selm"") AND Lebanon","Zero results at D0-D3. Secondary D+7 indicator: 15 results (not confirmed to an article, informational only)."
LD-2026-03-16-معركة (Maaraka junction),معركة (Maaraka junction),2026-03-16,uncovered,,,"(""Maaraka"" OR ""Maarakeh"" OR ""Maarake"") AND Lebanon",Zero results at D0-D3.
LD-2026-03-16-ياطر (Yatar),ياطر (Yatar),2026-03-16,covered,https://www.dawn.com/news/1982888/israeli-warplanes-launch-dawn-strikes-across-southern-lebanon,"alias match: ""yater""","(""Yatar"" OR ""Yater"") AND Lebanon","Confirmed via full-text fetch, base/generic query. alias match: ""yater"""
LD-2026-03-17-Aaba-Jbeshit area,Aaba-Jbeshit area,2026-03-17,uncovered,,,"(""Aaba"" OR ""Ebba"" OR ""Jbeshit"" OR ""Jbaachit"" OR ""Jbchit"") AND Lebanon",Zero results at D0-D3.
LD-2026-03-17-Zebdine-Nabatieh road,Zebdine-Nabatieh road,2026-03-17,covered,https://www.ndtv.com/world-news/war-has-aged-us-lebanons-kids-arent-alright-11243255#publisher=newsstand,"alias match: ""nabatiyeh""","(""Zebdine"" OR ""Zebdin"" OR ""Zibdine"" OR ""Nabatieh"" OR ""Nabatiyeh"") AND Lebanon AND (""strike"" OR ""Lebanese"" OR ""drone"" OR ""Army"" OR ""explicit"" OR ""soldiers"")","Base query did not confirm (no_nonlebanese_candidates); fallback query confirmed. alias match: ""nabatiyeh"""
LD-2026-03-17-الغازية (Ghazieh),الغازية (Ghazieh),2026-03-17,uncovered,,,"(""Ghazieh"" OR ""Ghaziyeh"" OR ""Al-Ghazieh"") AND Lebanon",Zero results at D0-D3.
LD-2026-03-17-بعلبك (Baalbek city),بعلبك (Baalbek city),2026-03-17,unresolved,,,"(""Baalbek"" OR ""Baalbeck"") AND Lebanon AND (""Ras al-Ain"" OR ""4 killed"" OR residential)","DOWNGRADED on duplicate-source audit: Confirming article also confirms two Mar 18 location-days (Deir al-Zahrani, Sohmor) via the same URL; those two agree with each other on date while this Mar 17 attribution is the outlier. Downgraded in favor of the Mar 18 pair."
LD-2026-03-17-الجميجمة (Al-Jmeijmeh),الجميجمة (Al-Jmeijmeh),2026-03-17,uncovered,,,"(""Jmeijmeh"" OR ""Jmaijmeh"" OR ""Al-Jmeijmeh"") AND Lebanon",Zero results at D0-D3.
LD-2026-03-17-بنت جبيل (Bint Jbeil city),بنت جبيل (Bint Jbeil city),2026-03-17,covered,https://www.dawn.com/news/1984017/israel-strikes-southern-lebanon-overnight-as-death-toll-surpasses-1000,"alias match: ""bint jbeil""","(""Bint Jbeil"" OR ""Bint Jbail"" OR ""Bent Jbeil"") AND Lebanon","Confirmed via full-text fetch, base/generic query. alias match: ""bint jbeil"""
LD-2026-03-17-السلطانية (Al-Sultaniyeh),السلطانية (Al-Sultaniyeh),2026-03-17,uncovered,,,"(""Sultaniyeh"" OR ""Soultaniyeh"" OR ""Al-Sultaniyeh"") AND Lebanon AND (""vehicle"" OR ""strike"")",Base query: no_nonlebanese_candidates. Fallback query: zero results.
LD-2026-03-17-طريق المطار (Airport Road),طريق المطار (Airport Road),2026-03-17,uncovered,,,"base: (""Airport Road"" OR ""Beirut Airport Road"" OR ""Beirut international airport road"") AND Lebanon AND (strike OR airstrike OR raid OR killed OR attack OR shelling) | fallback: (""Airport Road"" OR ""Beirut Airport Road"" OR ""Beirut international airport road"") AND Lebanon AND (""airstrike"")","RECLASSIFIED (QA rule): every result in both base and fallback queries was examined (all result sets were small, well under the 10-item inspection cap -- confirmed via true story_count) and all were Lebanese-domestic outlets, so none can count as international confirmation. Full set examined -> uncovered, not unresolved. Base query: no_nonlebanese_candidates. Fallback query: no_nonlebanese_candidates. Results existed but none confirmed among fetchable non-Lebanese candidates (or all fetches failed)."
LD-2026-03-18-برج قلاويه (Burj Qalawiyeh),برج قلاويه (Burj Qalawiyeh),2026-03-18,covered,https://news.antiwar.com/2026/03/19/lebanon-death-toll-passes-1000-amnesty-says-israel-must-stop-attacking-hospitals/?utm_source=rss&utm_medium=rss&utm_campaign=lebanon-death-toll-passes-1000-amnesty-says-israel-must-stop-attacking-hospitals,"alias match: ""burj qalawiyeh""","(""Burj Qalawiyeh"" OR ""Bourj Qalaouiye"" OR ""Burj Kalaouiyeh"") AND Lebanon","Confirmed via full-text fetch, base/generic query. alias match: ""burj qalawiyeh"""
LD-2026-03-17-حاروف (Haroof),حاروف (Haroof),2026-03-17,uncovered,,,"(""Haroof"" OR ""Haruf"" OR ""Harouf"") AND Lebanon AND (""complex"" OR ""airstrike"")",Base query: no_nonlebanese_candidates. Fallback query: zero results.
LD-2026-03-18-القليعة (Qlaya),القليعة (Qlaya),2026-03-18,uncovered,,,"(""Qlaya"" OR ""Klaiaa"" OR ""Kleiaa"") AND Lebanon",Zero results at D0-D3.
LD-2026-03-18-جبشيت (Jbeshit),جبشيت (Jbeshit),2026-03-18,uncovered,,,"(""Jbeshit"" OR ""Jbaachit"" OR ""Jbchit"") AND Lebanon",Zero results at D0-D3.
LD-2026-03-18-دير الزهراني (Deir al-Zahrani),دير الزهراني (Deir al-Zahrani),2026-03-18,covered,https://www.aa.com.tr/en/middle-east/israeli-strikes-across-lebanon-kill-39-wound-68-amid-escalation/3869664,"alias match: ""deir al-zahrani""","(""Deir al-Zahrani"" OR ""Deir ez-Zahrani"") AND Lebanon","Confirmed via full-text fetch, base/generic query. alias match: ""deir al-zahrani"""
LD-2026-03-18-سحمر (Sohmor),سحمر (Sohmor),2026-03-18,covered,https://www.aa.com.tr/en/middle-east/israeli-strikes-across-lebanon-kill-39-wound-68-amid-escalation/3869664,"alias match: ""sohmor""","(""Sohmor"" OR ""Sahmor"" OR ""Sohmar"") AND Lebanon","Confirmed via full-text fetch, base/generic query. alias match: ""sohmor"""
LD-2026-03-18-شعت (Chaat),شعت (Chaat),2026-03-18,covered,https://www.newsx.com/world/middle-east-tensions-soar-as-israel-intensifies-war-on-hezbollah-strikes-more-than-2000-terror-targets-570-hezbollah-terrorists-eliminated-186006/,"alias match: ""chaat""","(""Chaat"" OR ""Shaat"" OR ""Chaath"") AND Lebanon","Confirmed via full-text fetch, base/generic query. alias match: ""chaat"""
LD-2026-03-18-حبوش (Habbouch),حبوش (Habbouch),2026-03-18,covered,https://punchng.com/israeli-air-raids-kill-12-level-buildings-in-lebanon/?utm_source=rss.punchng.com&utm_medium=web,"alias match: ""habboush""","(""Habbouch"" OR ""Habboush"") AND Lebanon","Confirmed via full-text fetch, base/generic query. alias match: ""habboush"""
LD-2026-03-18-خربة سلم (Khirbet Selm),خربة سلم (Khirbet Selm),2026-03-18,uncovered,,,"(""Khirbet Selm"" OR ""Khirbet Silm"" OR ""Kherbet Selm"") AND Lebanon","Zero results at D0-D3. Secondary D+7 indicator: 1 results (not confirmed to an article, informational only)."
LD-2026-03-18-صيدا (Sidon Corniche),صيدا (Sidon Corniche),2026-03-18,covered,https://dunyanews.tv/en/World/941345-israel-conducts-wave-of-strikes-on-beirut-knocks-out-southern-bridges,"alias match: ""sidon""","(""Sidon"" OR ""Saida"") AND Lebanon AND (corniche OR vehicle OR ""Civil Defense"" OR ""civil defence"")","Confirmed via full-text fetch, base/generic query. alias match: ""sidon"""
LD-2026-03-19-البازورية (Bazouriyeh),البازورية (Bazouriyeh),2026-03-19,covered,https://www.aa.com.tr/en/middle-east/israeli-attacks-kill-4-in-southern-lebanon/3871819,"alias match: ""bazourieh""","(""Bazouriyeh"" OR ""Bazourieh"" OR ""Bazuriyeh"") AND Lebanon","Confirmed via full-text fetch, base/generic query. alias match: ""bazourieh"""
LD-2026-03-19-عدلون (Adloun),عدلون (Adloun),2026-03-19,covered,https://www.aa.com.tr/en/middle-east/israeli-attacks-kill-4-in-southern-lebanon/3871819,"alias match: ""adloun""","(""Adloun"" OR ""Adlun"" OR ""Adloune"") AND Lebanon","Confirmed via full-text fetch, base/generic query. alias match: ""adloun"""
LD-2026-03-20-الغندورية (Al-Ghandouriyeh),الغندورية (Al-Ghandouriyeh),2026-03-20,covered,https://www.standardmedia.co.ke/world/article/2001543531/israel-targeting-hezbollah-in-beirut-strikes-south-lebanon-struck,"alias match: ""ghandouriyeh""","(""Ghandouriyeh"" OR ""Ghandourieh"" OR ""Al-Ghandouriyeh"") AND Lebanon","Confirmed via full-text fetch, base/generic query. alias match: ""ghandouriyeh"""
LD-2026-03-20-بافيله (Bafiliyeh),بافيله (Bafiliyeh),2026-03-20,uncovered,,,"(""Bafiliyeh"" OR ""Bafilieh"") AND Lebanon",Zero results at D0-D3.
LD-2026-03-18-ميفدون (Meifadoun),ميفدون (Meifadoun),2026-03-18,uncovered,,,"(""Meifadoun"" OR ""Meifdoun"" OR ""Meifadoune"") AND Lebanon",Zero results at D0-D3.
LD-2026-03-22-السلطانية (Al-Sultaniyeh),السلطانية (Al-Sultaniyeh),2026-03-22,covered,https://www.mirror.co.uk/news/world-news/iran-war-trump-oil-live-36889803,"alias match: ""sultaniyeh""","(""Sultaniyeh"" OR ""Soultaniyeh"" OR ""Al-Sultaniyeh"") AND Lebanon","Confirmed via full-text fetch, base/generic query. alias match: ""sultaniyeh"""
LD-2026-03-22-حبوش (Habbouch),حبوش (Habbouch),2026-03-22,covered,https://www.dailysabah.com/world/mid-east/nine-more-killed-as-israel-continues-to-strike-beirut-s-lebanon,"alias match: ""habboush""","(""Habbouch"" OR ""Habboush"") AND Lebanon","Confirmed via full-text fetch, base/generic query. alias match: ""habboush"""
LD-2026-03-23-الحازمية (Hazmieh),الحازمية (Hazmieh),2026-03-23,covered,https://vov.vn/the-gioi/giao-tranh-israel-hezbollah-lebanon-truoc-nguy-co-khung-hoang-nhan-dao-lan-rong-post1278610.vov,"alias match: ""hazmieh""","(""Hazmieh"" OR ""Hazmiyeh"" OR ""Hazmiye"") AND Lebanon","Confirmed via full-text fetch, base/generic query. alias match: ""hazmieh"""
LD-2026-03-23-الشهابية (Al-Shihabiyeh),الشهابية (Al-Shihabiyeh),2026-03-23,uncovered,,,"(""Shihabiyeh"" OR ""Chihabiyeh"" OR ""Al-Shihabiyeh"") AND Lebanon",Zero results at D0-D3.
LD-2026-03-23-الحنية (Al-Haniyeh),الحنية (Al-Haniyeh),2026-03-23,covered,https://www.rediff.com/news/interview/luca-trenta-israeli-assassinations-in-iran-will-continue/20260326.htm,"alias match: ""haniyeh""","(""Haniyeh"" OR ""Haniye"" OR ""El-Haniyeh"") AND Lebanon","Confirmed via full-text fetch, base/generic query. alias match: ""haniyeh"""
LD-2026-03-23-مجدل سلم (Majdal Selem),مجدل سلم (Majdal Selem),2026-03-23,covered,https://www.ndtv.com/world-news/iran-israel-us-war-all-about-hezbollah-radwan-force-unit-trained-by-iran-and-north-korea-middle-east-conflict-11252874#publisher=newsstand,"alias match: ""majdal selem""","(""Majdal Selem"" OR ""Majdal Silm"" OR ""Majdel Selm"") AND Lebanon","Confirmed via full-text fetch, base/generic query. alias match: ""majdal selem"""
LD-2026-03-24-Adloun-Abu al-Aswad area,Adloun-Abu al-Aswad area,2026-03-24,unresolved,,,"(""Adloun"" OR ""Adlun"" OR ""Abu al-Aswad"" OR ""Abou el-Aswad"") AND Lebanon",DOWNGRADED on 30-sample QA audit: AUDIT (multi-URL group check): confirming URL (tribune.net.ph) is a short unrelated AFP brief about Iran -- zero mention of Lebanon. False positive.
LD-2026-03-24-Burj al-Shamali road,Burj al-Shamali road,2026-03-24,covered,http://www.adaderana.lk/news.php?nid=120215,"title casualty match: ""killed 1""","(""Burj al-Shamali"" OR ""Bourj el-Chemali"" OR ""Burj Shemali"" OR ""Burj al-Chamali"") AND Lebanon","Confirmed via full-text fetch, base/generic query. title casualty match: ""killed 1"""
LD-2026-03-23-عيتيت (Aitit),عيتيت (Aitit),2026-03-23,uncovered,,,"base: (""Aitit"" OR ""Aytit"" OR ""Ayteet"") AND Lebanon | fallback: (""Aitit"" OR ""Aytit"" OR ""Ayteet"") AND Lebanon AND (""residence"" OR ""airstrike"")","RECLASSIFIED (QA rule): every result in both base and fallback queries was examined (all result sets were small, well under the 10-item inspection cap -- confirmed via true story_count) and all were Lebanese-domestic outlets, so none can count as international confirmation. Full set examined -> uncovered, not unresolved. Base query: no_nonlebanese_candidates. Fallback query: api_error. Results existed but none confirmed among fetchable non-Lebanese candidates (or all fetches failed)."
LD-2026-03-22-الصوانة (Al-Sawwaneh),الصوانة (Al-Sawwaneh),2026-03-22,uncovered,,,"base: (""Sawwaneh"" OR ""Sawaneh"" OR ""Al-Sawwaneh"") AND Lebanon | fallback: (""Sawwaneh"" OR ""Sawaneh"" OR ""Al-Sawwaneh"") AND Lebanon AND (""airstrike"")","RECLASSIFIED (QA rule): every result in both base and fallback queries was examined (all result sets were small, well under the 10-item inspection cap -- confirmed via true story_count) and all were Lebanese-domestic outlets, so none can count as international confirmation. Full set examined -> uncovered, not unresolved. Base query: no_nonlebanese_candidates. Fallback query: api_error. Results existed but none confirmed among fetchable non-Lebanese candidates (or all fetches failed)."
LD-2026-03-24-Habbouch-Nabatieh highway,Habbouch-Nabatieh highway,2026-03-24,covered,https://www.aa.com.tr/en/middle-east/fresh-israeli-attacks-in-lebanon-kill-9-injure-47/3878101,"alias match: ""habboush""","(""Habbouch"" OR ""Habboush"") AND Lebanon AND (motorcycle OR drone)","Confirmed via full-text fetch, base/generic query. alias match: ""habboush"""
LD-2026-03-24-النبطية (Nabatieh city),النبطية (Nabatieh city),2026-03-24,unresolved,,,"(""Nabatieh"" OR ""Nabatiyeh"") AND Lebanon AND (""northern entrance"" OR ""medics"" OR ""ambulance"" OR motorcycle)","DOWNGRADED on spot-check audit: matched only on the generic word ""medics"" in the title; the CNN video page could not be loaded to verify (region-blocked, ""Content Unavailable For Legal Reasons""), so this weak single-word match could not be confirmed and is not accepted. Original: Confirmed via full-text fetch, base/generic query. title target-description match: ""medics"""
LD-2026-03-24-حبوش (Habbouch),حبوش (Habbouch),2026-03-24,unresolved,,,"(""Habbouch"" OR ""Habboush"") AND Lebanon",DOWNGRADED on 30-sample QA audit: AUDIT (multi-URL group check): confirming URL (tribune.net.ph) is a short unrelated AFP brief about a threatened invasion of an Iranian island -- zero mention of Lebanon or this town. False positive; same URL also invalidated 3 other location-days in the same group.
LD-2026-03-24-حلتا (Halta),حلتا (Halta),2026-03-24,covered,http://www.adaderana.lk/news.php?nid=120215,"title casualty match: ""killed 1""","(""Halta"" OR ""Hilta"") AND Lebanon","Confirmed via full-text fetch, base/generic query. title casualty match: ""killed 1"""
LD-2026-03-24-الشبريحة (Shabriha junction),الشبريحة (Shabriha junction),2026-03-24,covered,http://www.adaderana.lk/news.php?nid=120215,"title casualty match: ""killed 1""","(""Shabriha"" OR ""Chabriha"") AND Lebanon","Confirmed via full-text fetch, base/generic query. title casualty match: ""killed 1"""
LD-2026-03-24-عدلون (Adloun),عدلون (Adloun),2026-03-24,unresolved,,,"(""Adloun"" OR ""Adlun"" OR ""Adloune"") AND Lebanon","DOWNGRADED on 30-sample QA audit: AUDIT (multi-URL group check): confirming URL (tribune.net.ph) is a short unrelated AFP brief about Iran -- zero mention of Lebanon. False positive. (Note: a separate Mar 19 Adloun row, confirmed via a different aa.com.tr article, is correct and unaffected.)"
LD-2026-03-24-صريفا (Srifa),صريفا (Srifa),2026-03-24,covered,https://www.aa.com.tr/en/middle-east/israeli-airstrike-in-southern-lebanon-kills-3-injures-4/3879471,"alias match: ""srifa""","(""Srifa"" OR ""Sreifa"" OR ""Sarifa"") AND Lebanon","Confirmed via full-text fetch, base/generic query. alias match: ""srifa"""
LD-2026-03-24-كونين (Kounine),كونين (Kounine),2026-03-24,uncovered,,,"(""Kounine"" OR ""Kawnin"" OR ""Kaounine"") AND Lebanon",Zero results at D0-D3.
LD-2026-03-24-محرونة (Mahrouneh),محرونة (Mahrouneh),2026-03-24,unresolved,,,"(""Mahrouneh"" OR ""Mahrouna"") AND Lebanon",DOWNGRADED on 30-sample QA audit: AUDIT (multi-URL group check): confirming URL (news.az) does not mention Mahrouneh anywhere in its full text. False positive.
LD-2026-03-25-Zawtar al-Sharqiya/al-Gharbiya area,Zawtar al-Sharqiya/al-Gharbiya area,2026-03-25,unresolved,,,"(""Zawtar al-Sharqiya"" OR ""Zoutar el-Charkiyeh"" OR ""Zawtar al-Gharbiya"" OR ""Zoutar el-Gharbiyeh"" OR ""Zawtar East"" OR ""Zawtar West"") AND Lebanon","DOWNGRADED on 30-sample QA audit: AUDIT (30-sample check): confirming URL (aa.com.tr, ""20 killed, dozens injured"") could not be fetched beyond nav/headline text; no genuine mention of this location found. The apparent ""casualty match"" (title-substring bug: search term ""2 killed"" matches inside ""20 killed""/""12 killed"") produced a false positive."
LD-2026-03-25-البيسارية (Beisariyeh),البيسارية (Beisariyeh),2026-03-25,uncovered,,,"(""Beisariyeh"" OR ""Bissariyeh"" OR ""Baysariyeh"") AND Lebanon",Zero results at D0-D3.
LD-2026-03-25-حاروف (Haroof),حاروف (Haroof),2026-03-25,unresolved,,,"(""Haroof"" OR ""Haruf"" OR ""Harouf"") AND Lebanon","DOWNGRADED on duplicate-source audit: Confirming article also confirms Al-Sarafand on a different date (Mar 27) via the same URL, with no date-specific text distinguishing either; both downgraded pending verification."
LD-2026-03-26-بنت جبيل (Bint Jbeil),بنت جبيل (Bint Jbeil),2026-03-26,covered,https://news.un.org/en/story/2026/03/1167214,"alias match: ""bint jbeil""","(""Bint Jbeil"" OR ""Bint Jbail"" OR ""Bent Jbeil"") AND Lebanon","Confirmed via full-text fetch, base/generic query. alias match: ""bint jbeil"""
LD-2026-03-26-كفررمان (Kfarremen),كفررمان (Kfarremen),2026-03-26,covered,https://www.aa.com.tr/en/world/morning-briefing-march-28-2026/3882568,"alias match: ""kfar rumman""","(""Kfarremen"" OR ""Kfar Remen"" OR ""Kfar Rumman"" OR ""Kfar Roummane"") AND Lebanon","Confirmed via full-text fetch, base/generic query. alias match: ""kfar rumman"""
LD-2026-03-27-Kfartebnit-Arnoun-Nabatieh roundabout,Kfartebnit-Arnoun-Nabatieh roundabout,2026-03-27,covered,https://news.az/news/israel-strike-kills-paramedic-in-southern-lebanon,"alias match: ""kfar tebnit""","(""Kfartebnit"" OR ""Kfar Tebnit"" OR ""Arnoun"" OR ""Arnoune"") AND Lebanon AND (""Islamic Health"" OR medics OR responder)","Confirmed via full-text fetch, base/generic query. alias match: ""kfar tebnit"""
LD-2026-03-27-السكسكية (Al-Suksukiyeh),السكسكية (Al-Suksukiyeh),2026-03-27,uncovered,,,"(""Suksukiyeh"" OR ""Siksikiyeh"" OR ""Al-Suksukiyeh"") AND Lebanon",Zero results at D0-D3.
LD-2026-03-27-الصرفند (Al-Sarafand),الصرفند (Al-Sarafand),2026-03-27,unresolved,,,"(""Sarafand"" OR ""Sarafend"" OR ""Al-Sarafand"") AND Lebanon","DOWNGRADED on duplicate-source audit: See Haroof Mar 25 row -- same duplicate-source issue, different town AND different date via one URL."
LD-2026-03-27-زوطر الشرقية (Zawtar al-Sharqiya),زوطر الشرقية (Zawtar al-Sharqiya),2026-03-27,uncovered,,,"base: (""Zawtar al-Sharqiya"" OR ""Zoutar el-Charkiyeh"" OR ""Zawtar East"" OR ""Zoutar Charkiye"") AND Lebanon | fallback: (""Zawtar al-Sharqiya"" OR ""Zoutar el-Charkiyeh"" OR ""Zawtar East"" OR ""Zoutar Charkiye"") AND Lebanon AND (""residence"" OR ""airstrike"")","RECLASSIFIED (QA rule): every result in both base and fallback queries was examined (all result sets were small, well under the 10-item inspection cap -- confirmed via true story_count) and all were Lebanese-domestic outlets, so none can count as international confirmation. Full set examined -> uncovered, not unresolved. Base query: no_nonlebanese_candidates. Fallback query: no_nonlebanese_candidates. Results existed but none confirmed among fetchable non-Lebanese candidates (or all fetches failed)."
LD-2026-03-27-البزالية (Bzaaliyeh),البزالية (Bzaaliyeh),2026-03-27,uncovered,,,"(""Bzaaliyeh"" OR ""Bzaalieh"" OR ""Bzalieh"") AND Lebanon",Zero results at D0-D3.
LD-2026-03-28-Al-Awainat (between Rmeish and Debel),Al-Awainat (between Rmeish and Debel),2026-03-28,covered,https://www.theguardian.com/world/2026/mar/31/israel-vows-occupy-large-parts-southern-lebanon-expand-buffer-zone,"alias match: ""rmeish""","(""Rmeish"" OR ""Rmaich"" OR ""Debel"" OR ""Deble"" OR ""Dibl"" OR ""Awainat"") AND Lebanon","Confirmed via full-text fetch, base/generic query. alias match: ""rmeish"""
LD-2026-03-28-الحنية (Al-Haniyeh),الحنية (Al-Haniyeh),2026-03-28,covered,https://www.hindustantimes.com/ht-insight/international-affairs/unfolding-dynamics-of-the-gulf-crisis-101774846912006.html,"alias match: ""haniyeh""","(""Haniyeh"" OR ""Haniye"" OR ""El-Haniyeh"") AND Lebanon","Confirmed via full-text fetch, base/generic query. alias match: ""haniyeh"""
LD-2026-03-28-العيشية (Al-Eishiyeh),العيشية (Al-Eishiyeh),2026-03-28,uncovered,,,"(""Eishiyeh"" OR ""Aychiyeh"" OR ""Al-Eishiyeh"") AND Lebanon",Zero results at D0-D3.
LD-2026-03-28-جويا (Joya),جويا (Joya),2026-03-28,covered,https://www.aa.com.tr/en/middle-east/11-killed-several-injured-in-israeli-airstrikes-on-southern-lebanon/3883674,"title casualty match: ""1 killed""","(""Joya"" OR ""Jouaiya"" OR ""Jwaya"") AND Lebanon","Confirmed via full-text fetch, base/generic query. title casualty match: ""1 killed"""
LD-2026-03-28-Kfartebnit (Kawthar school road),Kfartebnit (Kawthar school road),2026-03-28,covered,https://www.aa.com.tr/en/middle-east/10-killed-in-israeli-strikes-on-2-towns-in-south-lebanon/3883559,"alias match: ""kfartebnit""","(""Kfartebnit"" OR ""Kfar Tebnit"" OR ""Kfartibnit"") AND Lebanon","Confirmed via full-text fetch, base/generic query. alias match: ""kfartebnit"""
LD-2026-03-28-Zawtar al-Sharqiya road,Zawtar al-Sharqiya road,2026-03-28,uncovered,,,"(""Zawtar al-Sharqiya"" OR ""Zoutar el-Charkiyeh"" OR ""Zawtar East"" OR ""Zoutar Charkiye"") AND Lebanon",Zero results at D0-D3.
LD-2026-03-28-دير الزهراني (Deir al-Zahrani),دير الزهراني (Deir al-Zahrani),2026-03-28,covered,https://www.independent.co.uk/news/irbil-pakistan-houthi-middle-east-shehbaz-sharif-b2947770.html,"alias match: ""deir al-zahrani""","(""Deir al-Zahrani"" OR ""Deir ez-Zahrani"") AND Lebanon","Confirmed via full-text fetch, base/generic query. alias match: ""deir al-zahrani"""
LD-2026-03-28-معركة (Maaraka),معركة (Maaraka),2026-03-28,uncovered,,,"(""Maaraka"" OR ""Maarakeh"" OR ""Maarake"") AND Lebanon","Zero results at D0-D3. Secondary D+7 indicator: 2 results (not confirmed to an article, informational only)."
LD-2026-03-29-بنت جبيل (Bint Jbeil city),بنت جبيل (Bint Jbeil city),2026-03-29,unresolved,,,"(""Bint Jbeil"" OR ""Bint Jbail"" OR ""Bent Jbeil"") AND Lebanon","DOWNGRADED on 30-sample QA audit: AUDIT (30-sample check): confirming URL (ynetnews) describes IDF ground-force positioning and encirclement near Bint Jbeil, not a fatal strike -- no casualty is reported for Bint Jbeil in this source. Does not confirm an attack occurred."
LD-2026-03-29-جويا (Joya),جويا (Joya),2026-03-29,unresolved,,,"(""Joya"" OR ""Jouaiya"" OR ""Jwaya"") AND Lebanon","DOWNGRADED on duplicate-source audit: Same confirming URL (aa.com.tr) auto-matched to two Joya dates (Mar 28, Mar 29) with no date-specific text distinguishing them; downgraded, keeping the earlier (Mar 28) row."
LD-2026-03-28-كفرتبنيت (Kfartebnit),كفرتبنيت (Kfartebnit),2026-03-28,covered,https://www.aa.com.tr/en/middle-east/10-killed-in-israeli-strikes-on-2-towns-in-south-lebanon/3883559,"alias match: ""kfartebnit""","(""Kfartebnit"" OR ""Kfar Tebnit"" OR ""Kfartibnit"") AND Lebanon","Confirmed via full-text fetch, base/generic query. alias match: ""kfartebnit"""
LD-2026-03-29-عبا (Aaba),عبا (Aaba),2026-03-29,uncovered,,,"(""Aaba"" OR ""Ebba"" OR ""Aabba"") AND Lebanon AND (""residence"" OR ""airstrike"")",Base query: no_nonlebanese_candidates. Fallback query: zero results.
"LD-2026-03-30-الرحاب (Al-Rihab, Beirut southern suburb)","الرحاب (Al-Rihab, Beirut southern suburb)",2026-03-30,covered,https://www.ndtv.com/world-news/iran-war-israel-attacks-lebanon-beirut-ground-report-ndtv-on-ground-zero-israel-steps-up-lebanon-strike-hezbollah-fights-on-11285762#publisher=newsstand,"alias match: ""rehab""","(""Rihab"" OR ""Rehab"" OR ""Al-Rihab"") AND Lebanon","Confirmed via full-text fetch, base/generic query. alias match: ""rehab"""
LD-2026-03-30-الشهابية (Al-Shihabiyeh),الشهابية (Al-Shihabiyeh),2026-03-30,uncovered,,,"(""Shihabiyeh"" OR ""Chihabiyeh"" OR ""Al-Shihabiyeh"") AND Lebanon",Zero results at D0-D3.
LD-2026-03-30-بنت جبيل (Bint Jbeil city),بنت جبيل (Bint Jbeil city),2026-03-30,covered,https://www.aa.com.tr/en/middle-east/at-least-10-killed-as-israeli-airstrikes-pummel-44-towns-across-southern-lebanon/3889917,"alias match: ""bint jbeil""","(""Bint Jbeil"" OR ""Bint Jbail"" OR ""Bent Jbeil"") AND Lebanon","Confirmed via full-text fetch, base/generic query. alias match: ""bint jbeil"""
LD-2026-03-30-حناويه (Hanawiyeh),حناويه (Hanawiyeh),2026-03-30,uncovered,,,"(""Hanawiyeh"" OR ""Hanawiye"") AND Lebanon",Zero results at D0-D3.
LD-2026-03-30-Al-Aamriyeh checkpoint (Qlaile-Tyre road),Al-Aamriyeh checkpoint (Qlaile-Tyre road),2026-03-30,uncovered,,,"(""Aamriyeh"" OR ""Al-Aamriyeh"" OR ""Qlaile"" OR ""Qlayle"" OR ""Kleileh"") AND Lebanon",Zero results at D0-D3.
LD-2026-03-31-Ain al-Mazraab road (Tibnine),Ain al-Mazraab road (Tibnine),2026-03-31,uncovered,,,"(""Tibnine"" OR ""Tebnine"" OR ""Tibnin"" OR ""Ain al-Mazraab"") AND Lebanon","Zero results at D0-D3. Secondary D+7 indicator: 3 results (not confirmed to an article, informational only)."
LD-2026-03-31-جبشيت (Jbeshit),جبشيت (Jbeshit),2026-03-31,uncovered,,,"(""Jbeshit"" OR ""Jbaachit"" OR ""Jbchit"") AND Lebanon",Zero results at D0-D3.
LD-2026-03-31-دير كيفا (Deir Kifa),دير كيفا (Deir Kifa),2026-03-31,covered,https://www.aa.com.tr/en/middle-east/israeli-strikes-kill-5-wound-3-in-southern-lebanon/3886543,"alias match: ""deir kifa""","(""Deir Kifa"" OR ""Dayr Kifa"") AND Lebanon","Confirmed via full-text fetch, base/generic query. alias match: ""deir kifa"""
LD-2026-03-31-النجارية (Najariyeh),النجارية (Najariyeh),2026-03-31,uncovered,,,"(""Najariyeh"" OR ""Nejariyeh"" OR ""Al-Najariyeh"") AND Lebanon",Zero results at D0-D3.
LD-2026-03-31-القاسمية (Qasimiyeh),القاسمية (Qasimiyeh),2026-03-31,covered,https://www.aa.com.tr/en/middle-east/israeli-strikes-kill-5-wound-3-in-southern-lebanon/3886543,"alias match: ""qasimiyeh""","(""Qasimiyeh"" OR ""Kasmieh"" OR ""Al-Qasimiyeh"") AND Lebanon","Confirmed via full-text fetch, base/generic query. alias match: ""qasimiyeh"""
LD-2026-03-31-كفرا (Kfarra),كفرا (Kfarra),2026-03-31,uncovered,,,"(""Kfarra"" OR ""Kfar Raa"") AND Lebanon",Zero results at D0-D3.
LD-2026-03-31-صريفا (Srifa),صريفا (Srifa),2026-03-31,covered,https://diplomat.so/articles/1060/Israel-Targets-Multiple-Areas-in-Lebanon-Air-Raids,"alias match: ""srifa""","(""Srifa"" OR ""Sreifa"" OR ""Sarifa"") AND Lebanon","Confirmed via full-text fetch, base/generic query. alias match: ""srifa"""
LD-2026-03-31-عبا (Aaba),عبا (Aaba),2026-03-31,uncovered,,,"(""Aaba"" OR ""Ebba"" OR ""Aabba"") AND Lebanon AND (""residence"" OR ""airstrike"")",Base query: no_nonlebanese_candidates. Fallback query: zero results.
LD-2026-03-05-لبايا (Libaya),لبايا (Libaya),2026-03-05,uncovered,,,"(""Libaya"" OR ""Lebaya"") AND Lebanon",Zero results at D0-D3.
LD-2026-03-06-الدوير (Al-Dawir),الدوير (Al-Dawir),2026-03-06,unresolved,,,"(""Dawir"" OR ""Douair"" OR ""Ed-Doueir"" OR ""Al-Dawir"") AND Lebanon","DOWNGRADED on duplicate-source audit: The confirming BERNAMA article explicitly states events happened ""Sunday"" (Mar 8, since Mar 2 = Monday), not Mar 6. Confirmation kept on the Mar 8 Al-Dawir row instead."
LD-2026-03-06-تول (Toul),تول (Toul),2026-03-06,covered,https://www.aa.com.tr/en/middle-east/israel-kills-19-more-in-airstrikes-across-lebanon/3852996,"alias match: ""toul""","(""Toul"" OR ""Tul"") AND Lebanon","Confirmed via full-text fetch, base/generic query. alias match: ""toul"""
LD-2026-03-06-قلاويه (Qalawiyeh),قلاويه (Qalawiyeh),2026-03-06,uncovered,,,"(""Qalawiyeh"" OR ""Qalaouiye"" OR ""Kalawiye"") AND Lebanon",Zero results at D0-D3.
LD-2026-03-06-مجدل سلم (Majdal Selem),مجدل سلم (Majdal Selem),2026-03-06,covered,https://www.benzinga.com/news/politics/26/03/51089484/us-iran-war-march-6-updates-iranian-military-academy-hit-saudi-arabia-intercepts-3-drones-etihad-airways-resumes-key-flights,"alias match: ""majdal selem""","(""Majdal Selem"" OR ""Majdal Silm"" OR ""Majdel Selm"") AND Lebanon","Confirmed via full-text fetch, base/generic query. alias match: ""majdal selem"""
LD-2026-03-07-زوطر الشرقية (Zawtar al-Sharqiya),زوطر الشرقية (Zawtar al-Sharqiya),2026-03-07,unresolved,,,"(""Zawtar al-Sharqiya"" OR ""Zoutar el-Charkiyeh"" OR ""Zawtar East"" OR ""Zoutar Charkiye"") AND Lebanon",DOWNGRADED on duplicate-source audit: Same evacuation-warning-article issue as above; does not confirm an attack occurred.
LD-2026-03-07-شمسطار (Shamsatar),شمسطار (Shamsatar),2026-03-07,uncovered,,,"(""Shamsatar"" OR ""Chamsatar"" OR ""Shamstar"") AND Lebanon",Zero results at D0-D3.
LD-2026-03-08-بريتال (Britel),بريتال (Britel),2026-03-08,covered,https://www.bernama.com/en/news.php/?id=2532021,"alias match: ""brital""","(""Britel"" OR ""Britell"" OR ""Brital"") AND Lebanon","Confirmed via full-text fetch, base/generic query. alias match: ""brital"""
LD-2026-03-09-Beit Yahoun-Tibnine road,Beit Yahoun-Tibnine road,2026-03-09,covered,https://www.rte.ie/news/primetime/2026/0312/1563087-irish-un-troops-clashes-israel-lebanon/,"alias match: ""beit yahoun""","(""Beit Yahoun"" OR ""Beit Yahoune"" OR ""Tibnine"" OR ""Tebnine"") AND Lebanon","Confirmed via full-text fetch, base/generic query. alias match: ""beit yahoun"""
LD-2026-03-09-القليعة (Qlaya),القليعة (Qlaya),2026-03-09,uncovered,,,"(""Qlaya"" OR ""Klaiaa"" OR ""Kleiaa"") AND Lebanon",Zero results at D0-D3.
LD-2026-03-09-النميرية (Al-Nmeiriyeh),النميرية (Al-Nmeiriyeh),2026-03-09,uncovered,,,"(""Nmeiriyeh"" OR ""Numeiriyeh"" OR ""Al-Nmeiriyeh"") AND Lebanon","Zero results at D0-D3. | QA UPDATE (high-casualty uncovered review): original alias list was missing ""Al-Nimiriya""/""Nimiriya"", the spelling used by The Guardian in a feature (""Entire families wiped out..."", published Mar 14) describing the Hamdan family strike here in detail. Alias list corrected. Even with the fix, D0-D3 remains genuinely zero -- the Guardian piece falls at D+5, outside the primary window. Confirmed via corrected-alias D+7 check: 1 result (the Guardian article). Recorded here as a secondary/delayed-coverage indicator; status remains uncovered per the D0-D3 primary methodology."
LD-2026-03-09-شبعا (Shebaa),شبعا (Shebaa),2026-03-09,covered,https://www.aa.com.tr/en/middle-east/israel-moves-golani-brigade-from-gaza-to-lebanon-border-as-tensions-spike/3859804,"alias match: ""shebaa""","(""Shebaa"" OR ""Chebaa"" OR ""Shabaa"") AND Lebanon","Confirmed via full-text fetch, base/generic query. alias match: ""shebaa"""
LD-2026-03-10-الحوش (Al-Hosh),الحوش (Al-Hosh),2026-03-10,uncovered,,,"(""Hosh"" OR ""El-Hosh"" OR ""Al-Hosh"") AND Lebanon",Zero results at D0-D3.
LD-2026-03-10-زوطر الشرقية (Zawtar al-Sharqiya),زوطر الشرقية (Zawtar al-Sharqiya),2026-03-10,unresolved,,,"(""Zawtar al-Sharqiya"" OR ""Zoutar el-Charkiyeh"" OR ""Zawtar East"" OR ""Zoutar Charkiye"") AND Lebanon","DOWNGRADED on duplicate-source audit: Part of the same suspect multi-town/multi-date group as the Deir Antar rows above; topic mismatch with confirming article's title, downgraded pending verification."
LD-2026-03-11-شعت (Chaat),شعت (Chaat),2026-03-11,uncovered,,,"(""Chaat"" OR ""Shaat"" OR ""Chaath"") AND Lebanon",Zero results at D0-D3.
LD-2026-03-12-الحدث (Hadath),الحدث (Hadath),2026-03-12,unresolved,,,"(""Hadath"" OR ""Hadeth"" OR ""Al-Hadath"") AND Lebanon",DOWNGRADED on 30-sample QA audit: AUDIT (30-sample check): confirming URL (IBTimes) lists Hadath among neighborhoods issued an evacuation WARNING ahead of possible strikes -- does not report that an attack on Hadath actually occurred.
LD-2026-03-12-عين ابل (Ain Ebel),عين ابل (Ain Ebel),2026-03-12,uncovered,,,"(""Ain Ebel"" OR ""Ain Ebl"" OR ""Ain Aabel"") AND Lebanon AND (""airstrike"")",Base query: not_confirmed. Fallback query: zero results.
LD-2026-03-13-Kfartebnit-Arnoun road,Kfartebnit-Arnoun road,2026-03-13,covered,https://economictimes.indiatimes.com/news/defence/lebanon-open-to-peace-talks-with-israel-but-demands-ceasefire-first/articleshow/129583962.cms,"alias match: ""arnoun""","(""Kfartebnit"" OR ""Kfar Tebnit"" OR ""Arnoun"" OR ""Arnoune"") AND Lebanon","Confirmed via full-text fetch, base/generic query. alias match: ""arnoun"""
LD-2026-03-13-بر الياس (Bar Elias),بر الياس (Bar Elias),2026-03-13,covered,https://www.freemalaysiatoday.com/category/world/2026/03/13/israel-expands-strikes-on-lebanon-cuts-bridge-over-litani-river,"alias match: ""bar elias""","(""Bar Elias"" OR ""Baar Elias"") AND Lebanon","Confirmed via full-text fetch, base/generic query. alias match: ""bar elias"""
LD-2026-03-13-عبا (Aaba),عبا (Aaba),2026-03-13,unresolved,,,"base: (""Aaba"" OR ""Ebba"" OR ""Aabba"") AND Lebanon | fallback: (""Aaba"" OR ""Ebba"" OR ""Aabba"") AND Lebanon AND (""airstrike"" OR ""residence"")",Base query: not_confirmed. Fallback query: not_confirmed. Results existed but none confirmed among fetchable non-Lebanese candidates (or all fetches failed).
LD-2026-03-14-ميفدون (Meifadoun),ميفدون (Meifadoun),2026-03-14,uncovered,,,"(""Meifadoun"" OR ""Meifdoun"" OR ""Meifadoune"") AND Lebanon",Zero results at D0-D3.
LD-2026-03-15-الشرحبيل (Sharhabil),الشرحبيل (Sharhabil),2026-03-15,uncovered,,,"base: (""Sharhabil"" OR ""Charhabil"") AND Lebanon | fallback: (""Sharhabil"" OR ""Charhabil"") AND Lebanon AND (""apartment"" OR ""airstrike"")","RECLASSIFIED (QA rule): every result in both base and fallback queries was examined (all result sets were small, well under the 10-item inspection cap -- confirmed via true story_count) and all were Lebanese-domestic outlets, so none can count as international confirmation. Full set examined -> uncovered, not unresolved. Base query: no_nonlebanese_candidates. Fallback query: no_nonlebanese_candidates. Results existed but none confirmed among fetchable non-Lebanese candidates (or all fetches failed)."
LD-2026-03-16-القنطرة (Qantara),القنطرة (Qantara),2026-03-16,covered,https://www.ndtv.com/video/dhurandhar-2-controversy-blockbuster-vs-propaganda-debate-1073893,"alias match: ""kantara""","(""Qantara"" OR ""Kantara"" OR ""Al-Qantara"") AND Lebanon","Confirmed via full-text fetch, base/generic query. alias match: ""kantara"""
LD-2026-03-16-كفرصير (Kfarsir),كفرصير (Kfarsir),2026-03-16,covered,https://vov.vn/the-gioi/israel-dua-luc-quan-vao-lebanon-pha-huy-70-be-phong-ten-lua-iran-post1276167.vov,"alias match: ""kfar sir""","(""Kfarsir"" OR ""Kfar Sir"") AND Lebanon","Confirmed via full-text fetch, base/generic query. alias match: ""kfar sir"""
LD-2026-03-18-قناريت (Qanaryet),قناريت (Qanaryet),2026-03-18,uncovered,,,"(""Qanaryet"" OR ""Kanariyet"") AND Lebanon",Zero results at D0-D3.
LD-2026-03-21-زوطر الشرقية (Zawtar al-Sharqiya),زوطر الشرقية (Zawtar al-Sharqiya),2026-03-21,uncovered,,,"(""Zawtar al-Sharqiya"" OR ""Zoutar el-Charkiyeh"" OR ""Zawtar East"" OR ""Zoutar Charkiye"") AND Lebanon","Zero results at D0-D3. Secondary D+7 indicator: 2 results (not confirmed to an article, informational only)."
LD-2026-03-24-Jbeshit-Nabatieh highway,Jbeshit-Nabatieh highway,2026-03-24,uncovered,,,"(""Jbeshit"" OR ""Jbaachit"") AND Lebanon AND (motorcycle OR drone)",Zero results at D0-D3.
LD-2026-03-24-سلعا (Sal'a),سلعا (Sal'a),2026-03-24,covered,https://www.irishexaminer.com/world/arid-41815766.html,"alias match: ""salaa""","(""Sal'a"" OR ""Salaa"" OR ""Sala'a"") AND Lebanon","Confirmed via full-text fetch, base/generic query. alias match: ""salaa"""
LD-2026-03-24-كفرتبنيت (Kfartebnit),كفرتبنيت (Kfartebnit),2026-03-24,unresolved,,,"(""Kfartebnit"" OR ""Kfar Tebnit"" OR ""Kfartibnit"") AND Lebanon","DOWNGRADED on 30-sample QA audit: AUDIT (multi-URL group check): confirming URL (news.az) does not mention Kfartebnit anywhere in its full text. False positive. (Note: a separate Mar 28 Kfartebnit row, confirmed via a different aa.com.tr article with an explicit casualty match, is correct and unaffected.)"
LD-2026-03-24-مخيم المية ومية (Mieh Mieh camp),مخيم المية ومية (Mieh Mieh camp),2026-03-24,unresolved,,,"(""Mieh Mieh"" OR ""Miyeh Miyeh"" OR ""Miye Miye"") AND Lebanon",DOWNGRADED on 30-sample QA audit: AUDIT (multi-URL group check): confirming URL (tribune.net.ph) is a short unrelated AFP brief about Iran -- zero mention of Lebanon. False positive.
LD-2026-03-25-باتوليه (Batouliyeh),باتوليه (Batouliyeh),2026-03-25,uncovered,,,"(""Batouliyeh"" OR ""Batoulieh"") AND Lebanon AND (""airstrike"" OR ""residence"")",Base query: not_confirmed. Fallback query: zero results.
LD-2026-03-25-كونين (Kounine),كونين (Kounine),2026-03-25,uncovered,,,"(""Kounine"" OR ""Kawnin"" OR ""Kaounine"") AND Lebanon",Zero results at D0-D3.
LD-2026-03-27-تحويطة الغدير (Tahwitat al-Ghadir),تحويطة الغدير (Tahwitat al-Ghadir),2026-03-27,covered,https://www.cbc.ca/news/world/trump-iran-deadline-conflict-hormuz-9.7144120?cmp=rss,"alias match: ""tahwitat al-ghadir""","(""Tahwitat al-Ghadir"" OR ""Tahouitat al-Ghadir"" OR ""Tahwitet el-Ghadir"") AND Lebanon","Confirmed via full-text fetch, base/generic query. alias match: ""tahwitat al-ghadir"""
LD-2026-03-28-حداثا (Hidatha),حداثا (Hidatha),2026-03-28,uncovered,,,"(""Hidatha"" OR ""Hidata"") AND Lebanon",Zero results at D0-D3.
LD-2026-03-29-بنت جبيل (Bint Jbeil),بنت جبيل (Bint Jbeil),2026-03-29,unresolved,,,"(""Bint Jbeil"" OR ""Bint Jbail"" OR ""Bent Jbeil"") AND Lebanon","DOWNGRADED on 30-sample QA audit: AUDIT (multi-URL group check): same ynetnews source as the ""Bint Jbeil city"" Mar 29 row -- describes troop positioning, not a fatal attack. Does not confirm an attack occurred."
LD-2026-03-29-شقرا (Shaqra),شقرا (Shaqra),2026-03-29,uncovered,,,"base: (""Shaqra"" OR ""Chaqra"" OR ""Shakra"") AND Lebanon | fallback: (""Shaqra"" OR ""Chaqra"" OR ""Shakra"") AND Lebanon AND (""airstrike"")","RECLASSIFIED (QA rule): every result in both base and fallback queries was examined (all result sets were small, well under the 10-item inspection cap -- confirmed via true story_count) and all were Lebanese-domestic outlets, so none can count as international confirmation. Full set examined -> uncovered, not unresolved. Base query: no_nonlebanese_candidates. Fallback query: no_nonlebanese_candidates. Results existed but none confirmed among fetchable non-Lebanese candidates (or all fetches failed)."
LD-2026-03-30-برعشيت (Bar'ashit),برعشيت (Bar'ashit),2026-03-30,unresolved,,,"(""Bar'ashit"" OR ""Baraachit"" OR ""Bir'ashit"") AND Lebanon","DOWNGRADED on duplicate-source audit: Confirming diplomat.so article also confirms Khaldeh and Srifa, both independently verified against explicit Mar 31 text in the article; Bar'ashit's Mar 30 date is the outlier in that group and its specific mention was not independently verified."
