title,media_name,media_url,url,publish_date,language,indexed_date
Iran says US will 'bitterly regret' sinking warship,naharnet.com,naharnet.com,https://www.naharnet.com/stories/en/318761-iran-says-us-will-bitterly-regret-sinking-warship,2026-03-05,en,2026-03-06 04:23:45.199854+00:00
Israeli evacuation order for Beirut's southern suburbs sparks panic,bbc.com,bbc.com,https://www.bbc.com/news/articles/cj32750e7j6o,2026-03-05,en,2026-03-05 23:02:43.367056+00:00
Brits stuck on Dubai cruise ships and flights delayed,walesonline.co.uk,walesonline.co.uk,https://www.walesonline.co.uk/news/uk-news/brits-stuck-dubai-cruise-ships-33533492,2026-03-05,en,2026-03-05 22:43:49.360247+00:00
Israeli strikes bludgeon Iran for 6th day amid Tehran retaliation,dailysabah.com,dailysabah.com,https://www.dailysabah.com/world/mid-east/israeli-strikes-bludgeon-iran-for-6th-day-amid-tehran-retaliation,2026-03-05,en,2026-03-05 22:26:26.782317+00:00
"Photos: Israel kills more than 100 in Lebanon, asks Beirut residents to flee",aljazeera.com,aljazeera.com,https://www.aljazeera.com/gallery/2026/3/5/buildings-devastated-by-israeli-strikes-in-lebanon-death-toll-rises-to-77?traffic_source=rss,2026-03-05,en,2026-03-05 22:25:22.281434+00:00
Israeli evacuation order for Beirut's southern suburbs sparks panic,bbc.com,bbc.com,https://www.bbc.com/news/articles/cj32750e7j6o?at_medium=RSS&at_campaign=rss,2026-03-05,en,2026-03-05 21:30:58.252770+00:00
Israel kills more than 100 Lebanese as it commands Beirut residents to flee,bahamasspectator.com,bahamasspectator.com,https://bahamasspectator.com/israel-kills-more-than-100-lebanese-as-it-commands-beirut-residents-to-flee/,2026-03-05,en,2026-03-05 21:21:56.662926+00:00
Israel kills more than 100 Lebanese as it commands Beirut residents to flee,haitigazette.com,haitigazette.com,https://haitigazette.com/israel-kills-more-than-100-lebanese-as-it-commands-beirut-residents-to-flee/,2026-03-05,en,2026-03-05 20:45:20.654422+00:00
Israel kills more than 100 Lebanese as it commands Beirut residents to flee,guyanainquirer.com,guyanainquirer.com,https://guyanainquirer.com/israel-kills-more-than-100-lebanese-as-it-commands-beirut-residents-to-flee/,2026-03-05,en,2026-03-05 20:39:05.795808+00:00
Israel kills more than 100 Lebanese as it commands Beirut residents to flee,grenadachronicle.com,grenadachronicle.com,https://grenadachronicle.com/israel-kills-more-than-100-lebanese-as-it-commands-beirut-residents-to-flee/,2026-03-05,en,2026-03-05 20:32:24.387061+00:00
Israel kills more than 100 Lebanese as it commands Beirut residents to flee,puertoricotribune.com,puertoricotribune.com,https://puertoricotribune.com/israel-kills-more-than-100-lebanese-as-it-commands-beirut-residents-to-flee/,2026-03-05,en,2026-03-05 20:29:51.868290+00:00
Israel kills more than 100 Lebanese as it commands Beirut residents to flee,antiguatribune.com,antiguatribune.com,https://antiguatribune.com/israel-kills-more-than-100-lebanese-as-it-commands-beirut-residents-to-flee/,2026-03-05,en,2026-03-05 20:21:28.349542+00:00
Israel kills more than 100 Lebanese as it commands Beirut residents to flee,trinidadtribune.com,trinidadtribune.com,https://trinidadtribune.com/israel-kills-more-than-100-lebanese-as-it-commands-beirut-residents-to-flee/,2026-03-05,en,2026-03-05 20:17:41.725055+00:00
Israel kills more than 100 Lebanese as it commands Beirut residents to flee,jamaicainquirer.com,jamaicainquirer.com,https://jamaicainquirer.com/israel-kills-more-than-100-lebanese-as-it-commands-beirut-residents-to-flee/,2026-03-05,en,2026-03-05 19:45:55.181666+00:00
Israel kills more than 100 Lebanese as it commands Beirut residents to flee,dominicanrepublicpost.com,dominicanrepublicpost.com,https://dominicanrepublicpost.com/israel-kills-more-than-100-lebanese-as-it-commands-beirut-residents-to-flee/,2026-03-05,en,2026-03-05 19:45:52.869782+00:00
Naval war in focus Thursday as US Iranian war widens further leaving Thailand’s tourism sector reeling,thaiexaminer.com,thaiexaminer.com,https://www.thaiexaminer.com/thai-news-foreigners/2026/03/06/naval-war-in-focus-thursday-as-us-iranian-war-widens-further-leaving-thailands-tourism-sector-reeling/,2026-03-06,en,2026-03-05 19:32:31.952720+00:00
Israel kills more than 100 Lebanese as it commands Beirut residents to flee,stvincenttribune.com,stvincenttribune.com,https://stvincenttribune.com/israel-kills-more-than-100-lebanese-as-it-commands-beirut-residents-to-flee/,2026-03-05,en,2026-03-05 19:31:55.076179+00:00
Israel kills more than 100 Lebanese as it commands Beirut residents to flee,stluciachronicle.com,stluciachronicle.com,https://stluciachronicle.com/israel-kills-more-than-100-lebanese-as-it-commands-beirut-residents-to-flee/,2026-03-05,en,2026-03-05 19:31:49.860112+00:00
Israel kills more than 100 Lebanese as it commands Beirut residents to flee,stkittsgazette.com,stkittsgazette.com,https://stkittsgazette.com/israel-kills-more-than-100-lebanese-as-it-commands-beirut-residents-to-flee/,2026-03-05,en,2026-03-05 19:31:24.315823+00:00
Israel kills more than 100 Lebanese as it commands Beirut residents to flee,dominicagazette.com,dominicagazette.com,https://dominicagazette.com/israel-kills-more-than-100-lebanese-as-it-commands-beirut-residents-to-flee/,2026-03-05,en,2026-03-05 19:26:44.531612+00:00
Israel kills more than 100 Lebanese as it commands Beirut residents to flee,barbadosgazette.com,barbadosgazette.com,https://barbadosgazette.com/israel-kills-more-than-100-lebanese-as-it-commands-beirut-residents-to-flee/,2026-03-05,en,2026-03-05 19:24:15.222348+00:00
"IDF assesses Hezbollah attacks may ramp up, urges evacuation of terror group's Beirut stronghold",timesofisrael.com,timesofisrael.com,https://www.timesofisrael.com/as-iranian-missile-fire-expected-to-slow-idf-assesses-hezbollah-attacks-may-increase/,2026-03-05,en,2026-03-05 17:37:57.644219+00:00
Iran says US will 'bitterly regret' sinking warship,naharnet.com,naharnet.com,https://www.naharnet.com/stories/en/318761-iran-says-us-will-bitterly-regret-sinking-warship-calls-for-trump-s-blood,2026-03-05,en,2026-03-05 17:37:07.389548+00:00
"Iran war ramps up as Mideast nations defend attacks, Western countries weigh involvement",cbc.ca,cbc.ca,https://www.cbc.ca/news/world/livestory/iran-israel-us-day-6-9.7109761?cmp=rss,2026-03-05,en,2026-03-05 16:45:42.291302+00:00
Middle East war spirals as Iran hits Kurds in Iraq,dunyanews.tv,dunyanews.tv,https://dunyanews.tv/en/World/938912-middle-east-war-spirals-as-iran-hits-kurds-in-iraq,2026-03-05,en,2026-03-05 15:39:06.260039+00:00
"Iran Says U.S. Will 'Bitterly Regret' Sinking Warship, Calls For Trump's Blood",huffpost.com,huffpost.com,https://www.huffpost.com/entry/iran-us-conflict_n_69a951dde4b0a6593a333585,2026-03-05,en,2026-03-05 15:35:29.544671+00:00
"Middle East war spirals with fresh strikes on Iran, Gulf",timesofmalta.com,timesofmalta.com,https://timesofmalta.com/article/middle-east-war-spirals-fresh-strikes-iran-gulf.1124990,2026-03-05,en,2026-03-05 15:29:50.033193+00:00
"Iran pummelled by new airstrikes as it launches attacks on Israel, U.S. bases",globalnews.ca,globalnews.ca,https://globalnews.ca/news/11717482/iran-united-states-israel-new-airstrikes/,2026-03-05,en,2026-03-05 14:31:49.266135+00:00
"Middle East conflict spirals with fresh strikes on Iran, Gulf",enca.com,enca.com,https://www.enca.com/news/middle-east-conflict-spirals-fresh-strikes-iran-gulf,2026-03-05,en,2026-03-05 14:24:18.669413+00:00
"Israeli forces kill at least 12 in Lebanon strikes, ground invasion",dailysabah.com,dailysabah.com,https://www.dailysabah.com/world/mid-east/israeli-forces-kill-at-least-12-in-lebanon-strikes-ground-invasion,2026-03-05,en,2026-03-05 13:33:14.283353+00:00
Iran launches new wave of attacks on Israeli and US bases while Israel begins new strikes in Lebanon,mainichi.jp,mainichi.jp,https://mainichi.jp/english/articles/20260305/p2g/00m/0in/026000c,2026-03-05,en,2026-03-05 11:44:08.144457+00:00
Lebanon: Israeli Enemy Escalates Attacks on Fourth Day of Aggression,almanar.com.lb,almanar.com.lb,https://english.almanar.com.lb/article/30942/,2026-03-05,en,2026-03-05 11:40:58.765200+00:00
"Iran warns US will ‘bitterly regret’ sinking warship, launches new attacks and calls for Trump’s blood",indiatimes.com,indiatimes.com,https://economictimes.indiatimes.com/news/international/world-news/iran-calls-for-trumps-blood-launches-new-attacks-warns-us-will-bitterly-regret-sinking-warship/articleshow/129084726.cms,2026-03-05,en,2026-03-05 11:26:06.702293+00:00
"12 killed in Israeli strikes in northern, southern Lebanon",aa.com.tr,aa.com.tr,https://www.aa.com.tr/en/middle-east/12-killed-in-israeli-strikes-in-northern-southern-lebanon/3850820,2026-03-05,en,2026-03-05 10:35:22.176502+00:00
"Israel strikes south and east Lebanon, south Beirut and Tripoli's Beddawi",naharnet.com,naharnet.com,https://naharnet.com/stories/en/318760-israel-strikes-south-and-east-lebanon-south-beirut-and-tripoli-s-beddawi,2026-03-05,en,2026-03-05 10:30:26.828112+00:00
Israeli strikes hit Beirut amid threats on Iranian officials in Lebanon,antiguatribune.com,antiguatribune.com,https://antiguatribune.com/israeli-strikes-hit-beirut-amid-threats-on-iranian-officials-in-lebanon/,2026-03-05,en,2026-03-05 10:22:03.730879+00:00
Iran launches new wave of attacks and says U.S. will 'bitterly regret' sinking Iranian warship,japantoday.com,japantoday.com,https://japantoday.com/category/world/iran-launches-new-wave-of-attacks-on-israeli-and-us-bases-while-israel-begins-new-strikes-in-lebanon,2026-03-05,en,2026-03-05 09:37:54.282813+00:00
"Iran launches wave of attacks, saying US will 'bitterly regret' sub sinking, calls for Trump's blood",9news.com.au,9news.com.au,https://www.9news.com.au/world/us-israel-attack-iran-tehran-launches-wave-of-attacks-saying-us-will-bitterly-regret-sub-sinking-calls-for-trumps-blood/d20fe23f-a822-4df7-8c56-bf87511bc746,2026-03-05,en,2026-03-05 09:34:36.748831+00:00
US tanker ‘on fire’ after Iranian strikes; Irish citizens arrive home at Dublin Airport,irishtimes.com,irishtimes.com,https://www.irishtimes.com/world/middle-east/2026/03/05/israel-launches-fresh-strikes-on-iran-as-middle-east-crisis-enters-sixth-day/,2026-03-05,en,2026-03-05 09:31:08.928255+00:00
Israeli strikes hit Beirut amid threats on Iranian officials in Lebanon,aljazeera.com,aljazeera.com,https://www.aljazeera.com/news/2026/3/5/israeli-strikes-hit-beirut-amid-threats-on-iranian-officials-in-lebanon?traffic_source=rss,2026-03-05,en,2026-03-05 09:29:49.388270+00:00
Israeli strikes hit Beirut amid threats on Iranian officials in Lebanon,guyanainquirer.com,guyanainquirer.com,https://guyanainquirer.com/israeli-strikes-hit-beirut-amid-threats-on-iranian-officials-in-lebanon/,2026-03-05,en,2026-03-05 09:29:10.375936+00:00
Middle East war spirals as Iran hits Kurds in Iraq,yahoo.com,yahoo.com,https://sg.news.yahoo.com/middle-east-war-spirals-iran-073703224.html,2026-03-05,en,2026-03-05 09:19:54.478473+00:00
Iran hits Kurdish groups in Iraq as conflict widens,channelnewsasia.com,channelnewsasia.com,https://www.channelnewsasia.com/world/conflict-widens-us-israel-iran-kurdish-groups-iraq-hit-5973166,2026-03-05,en,2026-03-05 09:18:47.952944+00:00
Israel keeps up Lebanon strikes as ground forces advance,straitstimes.com,straitstimes.com,https://www.straitstimes.com/world/middle-east/israel-keeps-up-lebanon-strikes-as-ground-forces-advance,2026-03-05,en,2026-03-05 09:18:34.421184+00:00
Iran hits Kurdish groups in Iraq as conflict widens,straitstimes.com,straitstimes.com,https://www.straitstimes.com/world/middle-east/iran-hits-kurdish-groups-in-iraq-as-conflict-widens,2026-03-05,en,2026-03-05 09:18:09.701332+00:00
"Israel Hits Hezbollah Command Centres In Beirut, Hamas Official Killed",news18.com,news18.com,https://www.news18.com/world/israel-hits-hezbollah-command-centres-in-beirut-hamas-official-killed-9943448.html,2026-03-05,en,2026-03-05 08:44:30.448214+00:00
Israeli strikes hit Beirut amid threats on Iranian officials in Lebanon,dominicanrepublicpost.com,dominicanrepublicpost.com,https://dominicanrepublicpost.com/israeli-strikes-hit-beirut-amid-threats-on-iranian-officials-in-lebanon/,2026-03-05,en,2026-03-05 08:34:46.823367+00:00
Israeli strikes hit Beirut amid threats on Iranian officials in Lebanon,bahamasspectator.com,bahamasspectator.com,https://bahamasspectator.com/israeli-strikes-hit-beirut-amid-threats-on-iranian-officials-in-lebanon/,2026-03-05,en,2026-03-05 08:34:14.894512+00:00
Israeli strikes hit Beirut amid threats on Iranian officials in Lebanon,dominicagazette.com,dominicagazette.com,https://dominicagazette.com/israeli-strikes-hit-beirut-amid-threats-on-iranian-officials-in-lebanon/,2026-03-05,en,2026-03-05 08:33:42.220654+00:00
New Iranian attacks target Israel and U.S. bases as more Israeli strikes hit Lebanon,thehindu.com,thehindu.com,https://www.thehindu.com/news/international/israel-us-iran-west-asia-conflict-lebanon-strikes-day-6/article70706158.ece,2026-03-05,en,2026-03-05 08:30:12.588609+00:00
Iran hits Kurdish groups in Iraq as Iran Israel US conflict widens,thehindu.com,thehindu.com,https://www.thehindu.com/news/international/iran-hits-kurdish-groups-in-iraq-as-conflict-widens/article70706248.ece,2026-03-05,en,2026-03-05 08:29:52.599662+00:00
The Latest: New Iranian attacks target Israel and US bases as more Israeli strikes hit Lebanon,thestar.com,thestar.com,https://www.thestar.com/news/world/middle-east/the-latest-new-iranian-attacks-target-israel-and-us-bases-as-more-israeli-strikes-hit/article_931ae1a3-ab24-5957-9344-c9acd72fc80e.html,2026-03-05,en,2026-03-05 08:29:08.020898+00:00
Israeli strikes hit Beirut amid threats on Iranian officials in Lebanon,stluciachronicle.com,stluciachronicle.com,https://stluciachronicle.com/israeli-strikes-hit-beirut-amid-threats-on-iranian-officials-in-lebanon/,2026-03-05,en,2026-03-05 08:28:39.105530+00:00
Iran hits Kurdish groups in Iraq as conflict widens,freemalaysiatoday.com,freemalaysiatoday.com,https://www.freemalaysiatoday.com/category/world/2026/03/05/iran-hits-kurdish-groups-in-iraq-as-conflict-widens,2026-03-05,en,2026-03-05 08:28:05.362491+00:00
Israeli strikes hit Beirut amid threats on Iranian officials in Lebanon,trinidadtribune.com,trinidadtribune.com,https://trinidadtribune.com/israeli-strikes-hit-beirut-amid-threats-on-iranian-officials-in-lebanon/,2026-03-05,en,2026-03-05 08:26:48.615854+00:00
Israeli strikes hit Beirut amid threats on Iranian officials in Lebanon,jamaicainquirer.com,jamaicainquirer.com,https://jamaicainquirer.com/israeli-strikes-hit-beirut-amid-threats-on-iranian-officials-in-lebanon/,2026-03-05,en,2026-03-05 08:26:06.274105+00:00
Israeli strikes hit Beirut amid threats on Iranian officials in Lebanon,stkittsgazette.com,stkittsgazette.com,https://stkittsgazette.com/israeli-strikes-hit-beirut-amid-threats-on-iranian-officials-in-lebanon/,2026-03-05,en,2026-03-05 08:25:18.250242+00:00
Israeli strikes hit Beirut amid threats on Iranian officials in Lebanon,haitigazette.com,haitigazette.com,https://haitigazette.com/israeli-strikes-hit-beirut-amid-threats-on-iranian-officials-in-lebanon/,2026-03-05,en,2026-03-05 08:23:58.238446+00:00
War in the Middle East: latest developments,yahoo.com,yahoo.com,https://sg.news.yahoo.com/war-middle-east-latest-developments-065820762.html,2026-03-05,en,2026-03-05 08:23:31.659440+00:00
Iran's foreign minister says US 'will come to bitterly regret' precedent set after sub sank frigate,independent.co.uk,independent.co.uk,https://www.independent.co.uk/news/world/europe/iran-dubai-united-arab-emirates-ayatollah-ali-khamenei-israeli-b2932340.html,2026-03-05,en,2026-03-05 08:21:21.253258+00:00
Israeli strikes hit Beirut amid threats on Iranian officials in Lebanon,barbadosgazette.com,barbadosgazette.com,https://barbadosgazette.com/israeli-strikes-hit-beirut-amid-threats-on-iranian-officials-in-lebanon/,2026-03-05,en,2026-03-05 08:20:52.708332+00:00
The Latest: New Iranian attacks target Israel and US bases as more Israeli strikes hit Lebanon,independent.co.uk,independent.co.uk,https://www.independent.co.uk/news/lebanon-israel-hezbollah-middle-east-ambassador-b2932330.html,2026-03-05,en,2026-03-05 08:20:25.333809+00:00
Israeli strikes hit Beirut amid threats on Iranian officials in Lebanon,puertoricotribune.com,puertoricotribune.com,https://puertoricotribune.com/israeli-strikes-hit-beirut-amid-threats-on-iranian-officials-in-lebanon/,2026-03-05,en,2026-03-05 08:19:12.127671+00:00
Israeli strikes hit Beirut amid threats on Iranian officials in Lebanon,stvincenttribune.com,stvincenttribune.com,https://stvincenttribune.com/israeli-strikes-hit-beirut-amid-threats-on-iranian-officials-in-lebanon/,2026-03-05,en,2026-03-05 08:17:31.604239+00:00
Israeli strikes hit Beirut amid threats on Iranian officials in Lebanon,grenadachronicle.com,grenadachronicle.com,https://grenadachronicle.com/israeli-strikes-hit-beirut-amid-threats-on-iranian-officials-in-lebanon/,2026-03-05,en,2026-03-05 08:17:09.212442+00:00
Iran launches new wave of attacks on Israeli and US bases while Israel begins new strikes in Lebanon,manilatimes.net,manilatimes.net,https://www.manilatimes.net/2026/03/05/world/iran-launches-new-wave-of-attacks-on-israeli-and-us-bases-while-israel-begins-new-strikes-in-lebanon/2293668,2026-03-05,en,2026-03-05 07:34:13.447857+00:00
Iran hits Kurdish groups in Iraq as conflict widens,indiatimes.com,indiatimes.com,https://economictimes.indiatimes.com/news/international/world-news/iran-hits-kurdish-groups-in-iraq-as-conflict-widens/articleshow/129073209.cms,2026-03-05,en,2026-03-05 07:20:37.300683+00:00
Israel targets Hamas figure in north Lebanon as Iranian launches trigger sirens in Israel,ynetnews.com,ynetnews.com,https://www.ynetnews.com/article/h17w1uikwe,2026-03-05,en,2026-03-05 04:22:07.792321+00:00
